INFO:root:CREATE: name='Roko' description='aa'
INFO:root:CREATE: name='Roko' description='abc'
INFO:root:CREATE: name='Roko2' description='abc'
INFO:root:GET: [<models.Item object at 0x0000026010292B40>, <models.Item object at 0x0000026010293F20>]
INFO:root:GET: [<models.Item object at 0x00000260102D4650>, <models.Item object at 0x00000260102D4680>]
INFO:root:PUT: <models.Item object at 0x00000260102D40E0>
INFO:root:DELETE: <models.Item object at 0x00000260102D4950>
INFO:root:GET: [<models.Item object at 0x000001F27A0D03B0>]
INFO:root:GET: [<models.Item object at 0x000001F27A0D05C0>]
INFO:root:PUT: <models.Item object at 0x000001F27A08EBA0>
INFO:root:PUT: <models.Item object at 0x000001F4AD98F470>
INFO:root:PUT: <models.Item object at 0x0000020CEF28EFF0>
INFO:root:GET: [<models.Item object at 0x0000020CEF2DD7F0>]
INFO:root:GET: [<models.Item object at 0x0000020CEF2DDA00>]
INFO:root:CREATE: name='roko' description='12321'
INFO:root:GET: [<models.Item object at 0x0000016A713D0110>, <models.Item object at 0x0000016A713D01A0>]
INFO:root:GET: [<models.Item object at 0x0000016A713D02F0>, <models.Item object at 0x0000016A713D03B0>]
INFO:root:CREATE: name='Roko3' description='asdasd'
INFO:root:CREATE: name='Peanut Butter Banana Smoothie' description='Smooth and creamy smoothie made with peanut butter and banana.'
INFO:root:CREATE: name='Smartphone Car Mount with Wireless Charging' description='Secure phone mount that wirelessly charges your device while driving.'
INFO:root:CREATE: name='Cold Brew Coffee Concentrate' description='Rich and smooth cold brew coffee concentrate, just add water or milk.'
INFO:root:CREATE: name='Lemon Garlic Shrimp' description='Marinated shrimp in a garlic and lemon sauce, perfect for grilling.'
INFO:root:CREATE: name='Sweet Cherry Tomatoes' description='Fresh and juicy cherry tomatoes for salads and snacking.'
INFO:root:CREATE: name='Pumpkin Spice Pancake Mix' description='Pancake mix infused with seasonal pumpkin spice flavor.'
INFO:root:CREATE: name='Cork Yoga Mat' description='Eco-friendly yoga mat made from sustainable materials.'
INFO:root:CREATE: name='Digital Wireless Meat Thermometer' description='Bluetooth thermometer that alerts you when your meat is done.'
INFO:root:CREATE: name='Tortilla Chips' description='Crispy tortilla chips, perfect for dipping.'
INFO:root:CREATE: name='Coconut Curry Lentil Soup' description='A hearty soup made with lentils, coconut milk, and a blend of spices for a tropical flavor.'
INFO:root:CREATE: name='LED Flashlight with Rechargeable Batteries' description='Bright flashlight with rechargeable batteries included.'
INFO:root:CREATE: name='Classic Caesar Salad Kit' description='Everything you need for a fresh and delicious Caesar salad.'
INFO:root:CREATE: name='LED Desk Lamp with USB Charging' description='Stylish desk lamp featuring a USB charging port.'
INFO:root:CREATE: name='Compact Electric Kettle' description='Quick-boiling kettle for home and office use.'
INFO:root:CREATE: name='Blueberry Oatmeal Cups' description='Instant oatmeal cups with blueberries for an easy breakfast.'
INFO:root:CREATE: name='Chili Garlic Sauce' description='Spicy sauce made with chili peppers and garlic, great for stir-frying.'
INFO:root:CREATE: name='Chocolate Peanut Butter Cups' description='Delicious dark chocolate cups filled with creamy peanut butter.'
INFO:root:CREATE: name='Inspirational Wall Art' description='Quote wall art to inspire and motivate.'
INFO:root:CREATE: name='Zucchini Noodles' description='Spiralized zucchini, a healthy alternative to pasta.'
INFO:root:CREATE: name='Hummus Variety Pack' description='A selection of different flavored hummus, great for snacking.'
INFO:root:CREATE: name='Mini Meatballs' description='Frozen mini meatballs that are great as a snack or in pasta dishes.'
INFO:root:CREATE: name='DIY Candle Making Kit' description='Everything you need to make your own candles.'
INFO:root:CREATE: name='Tomato Sauce' description='Rich and flavorful tomato sauce for pasta or pizza.'
INFO:root:CREATE: name='Basic V-Neck T-Shirt' description='A staple v-neck t-shirt that pairs well with anything.'
INFO:root:CREATE: name='Hand Mixer' description='Compact hand mixer for easy baking.'
INFO:root:CREATE: name='Smartphone UV Sanitizer' description='UV light sanitizer for phones and small items.'
INFO:root:CREATE: name='Cauliflower Crust Pizza' description='A gluten-free pizza crust made from cauliflower.'
INFO:root:CREATE: name='Organic Tomato Soup' description='Hearty tomato soup made from organic ingredients.'
INFO:root:CREATE: name='Inflatable Paddle Board' description='Lightweight and portable paddle board for water sports.'
INFO:root:CREATE: name='Chili Garlic Sauce' description='Spicy sauce made with chili peppers and garlic, great for stir-frying.'
INFO:root:CREATE: name='Mini Projector for Smartphones' description='Compact and portable projector for watching videos anywhere.'
INFO:root:CREATE: name='Overnight Hiking Backpack' description='Durable backpack with ample storage for outdoor adventures.'
INFO:root:CREATE: name='Banana Nut Muffins' description='Moist, fluffy muffins packed with bananas and walnuts for a delightful breakfast or snack.'
INFO:root:CREATE: name='Potting Soil' description='Premium potting soil for indoor plants.'
INFO:root:CREATE: name='Legging Pants' description='Comfortable and stretchy legging pants perfect for workouts or daily wear.'
INFO:root:CREATE: name='Beef Stew Meat' description='Tender beef chunks for slow-cooked stews.'
INFO:root:CREATE: name='Ergonomic Mouse Pad with Wrist Support' description='Comfortable mouse pad designed to reduce wrist strain.'
INFO:root:CREATE: name='Board Game Storage' description='Organize your board games with this storage bin.'
INFO:root:CREATE: name='Electric Blanket' description='Extra soft electric blanket with adjustable heat settings.'
INFO:root:CREATE: name='Sea Salt Tortilla Chips' description='Crunchy tortilla chips with a hint of sea salt, great with dips.'
INFO:root:CREATE: name='Thyme' description='Fresh thyme, perfect for seasoning dishes.'
INFO:root:CREATE: name='Chili Lime Seasoning' description='Zesty seasoning great for tacos and grilling.'
INFO:root:CREATE: name='Pet Reflective Vest' description='Safety vest for pets during nighttime walks.'
INFO:root:CREATE: name='Non-Stick Baking Sheet' description='Durable baking sheet coated for easy food release.'
INFO:root:CREATE: name='Coconut Rice' description='Fluffy rice cooked with coconut milk for a tropical twist.'
INFO:root:CREATE: name='Saffron Rice Mix' description='Flavorful rice mix with saffron and spices.'
INFO:root:CREATE: name='Solar Power Bank' description='Eco-friendly power bank that charges via sunlight.'
INFO:root:CREATE: name='Dried Mango Slices' description='Sweet and chewy dried mango slices, perfect for snacking.'
INFO:root:CREATE: name='Dark Chocolate Covered Pretzels' description='Crunchy pretzels dipped in rich dark chocolate.'
INFO:root:CREATE: name='Dark Chocolate Raisins' description='Juicy raisins coated in rich dark chocolate.'
INFO:root:CREATE: name='Inflatable Pool Float' description='Fun inflatable float for lounging in the pool or beach.'
INFO:root:CREATE: name='Spicy Salsa Verde' description='Green salsa with a spicy kick, great for dipping.'
INFO:root:CREATE: name='Chocolate Chip Muffins' description='Fresh baked chocolate chip muffins for breakfast.'
INFO:root:CREATE: name='Sour Cream' description='Tangy sour cream, perfect for dips and toppings.'
INFO:root:CREATE: name='Classic Baseball Cap' description='A timeless baseball cap that adds a sporty touch to any outfit.'
INFO:root:CREATE: name='Pet Water Fountain' description='Automatic water fountain for pets with filtration.'
INFO:root:CREATE: name='Dried Mango Slices' description='Sweet and chewy dried mango slices, perfect for snacking.'
INFO:root:CREATE: name='Crafting Kit' description='Complete crafting kit for kids and adults.'
INFO:root:CREATE: name='Portable Air Purifier' description='Compact air purifier to improve indoor air quality.'
INFO:root:CREATE: name='Wireless Game Controller' description='Ergonomic wireless controller for gaming consoles.'
INFO:root:CREATE: name='Survival Gear Kit' description='Essential survival gear kit for emergencies.'
INFO:root:CREATE: name='Pumpkin Spice Latte Mix' description='Instant mix for delicious pumpkin spice lattes at home.'
INFO:root:CREATE: name='Peach Preserves' description='Sweet and fruity peach preserves, perfect for spreading on toast.'
INFO:root:CREATE: name='Lemon Garlic Marinade' description='A zesty marinade made with lemon juice and garlic, ideal for chicken or fish.'
INFO:root:CREATE: name='Gingerbread House Kit' description='Everything you need to build a festive gingerbread house.'
INFO:root:CREATE: name='Crispy Kale Chips' description='Baked kale chips seasoned for a healthy, crunchy snack.'
INFO:root:CREATE: name='Eco-Friendly Notepad' description='Notepad made from recycled paper for sustainable note-taking.'
INFO:root:CREATE: name='Electric Wine Opener' description='Rechargeable electric wine opener for effortless uncorking.'
INFO:root:CREATE: name='Vegetarian Stir Fry Sauce' description='Flavorful sauce perfect for stir-frying vegetables and tofu.'
INFO:root:CREATE: name='Almond Crunch Granola Bars' description='Nutty granola bars for healthy snacking.'
INFO:root:CREATE: name='Mini Electric Kettle' description='Quick boiling kettle for small kitchens and dorms.'
INFO:root:CREATE: name='Portable UV Sterilizer' description='Compact sterilizer for disinfecting small items.'
INFO:root:CREATE: name='Bike Repair Tool Kit' description='Essential tools for bike maintenance and repair.'
INFO:root:CREATE: name='Maple Pecan Pancake Mix' description='A fluffy pancake mix infused with maple and pecans, perfect for a hearty breakfast.'
INFO:root:CREATE: name='Almond Butter Cups' description='Rich chocolate cups filled with almond butter, a delicious treat.'
INFO:root:CREATE: name='Creative Puzzle Game' description='Challenging and fun puzzle game for all ages.'
INFO:root:CREATE: name='Maple Almond Yogurt' description='Creamy yogurt made with maple and almond flavors.'
INFO:root:CREATE: name='Winter Knit Beanie' description='Cozy beanie hat to keep your head warm in the cold.'
INFO:root:CREATE: name='Sesame Noodles' description='Chilled noodles dressed in sesame sauce, ready to eat.'
INFO:root:CREATE: name='Pet Travel Bed' description='Portable bed for pets while traveling.'
INFO:root:CREATE: name='Foot Spa Bath Massager' description='Relax and soothe tired feet with this foot spa.'
INFO:root:CREATE: name='Pasta Maker Machine' description='Manual pasta maker for creating fresh pasta at home.'
INFO:root:CREATE: name='Pasta Maker Machine' description='Manual pasta maker for creating fresh pasta at home.'
INFO:root:CREATE: name='Multifunctional Pocket Tool' description='Compact pocket tool with various built-in functions.'
INFO:root:CREATE: name='Infrared Thermometer Gun' description='Non-contact thermometer for quick and easy temperature readings.'
INFO:root:CREATE: name='Garden Tool Belt' description='Handy belt for carrying garden tools while working.'
INFO:root:CREATE: name='Cold Brew Coffee Maker' description='Brews coffee with a smooth flavor without bitterness.'
INFO:root:CREATE: name='Multi-Function Smartphone Holder' description='Versatile holder that can be used on desks, cars, and more.'
INFO:root:CREATE: name='Compact Hair Dryer' description='Lightweight hair dryer with multiple speed settings.'
INFO:root:CREATE: name='Compact Hair Dryer' description='Lightweight hair dryer with multiple speed settings.'
INFO:root:CREATE: name='Solar Garden Lights' description='Energy-efficient lights that charge during the day and illuminate at night.'
INFO:root:CREATE: name='Non-Stick Crepe Pan' description='Perfectly designed pan for making crepes and pancakes.'
INFO:root:CREATE: name='Personal Security Alarm Keychain' description='Handy keychain that emits a loud alarm for personal safety.'
INFO:root:CREATE: name='Lentil Vegetable Curry' description='A flavorful lentil curry cooked with vegetables and spices.'
INFO:root:CREATE: name='Coconut Cream Pie' description='Delicious pie filled with coconut cream and topped with whipped cream.'
INFO:root:CREATE: name='Mashed Sweet Potatoes' description='Creamy mashed sweet potatoes with a hint of cinnamon.'
INFO:root:CREATE: name='Wireless HDMI Transmitter' description='Stream HD video wirelessly to your TV.'
INFO:root:CREATE: name='High-Waisted Skirt' description='Chic high-waisted skirt, perfect for professional or casual settings.'
INFO:root:CREATE: name='Avocado Oil' description='A healthy oil extracted from avocados, ideal for frying and salads.'
INFO:root:CREATE: name='Electric Hot Water Dispenser' description='Instant hot water dispenser for tea and cooking.'
INFO:root:CREATE: name='Gaming Mousepad' description='Oversized gaming mousepad with smooth surface.'
INFO:root:CREATE: name='Ergonomic Gaming Chair' description='Comfortable gaming chair for long hours of play.'
INFO:root:CREATE: name='Adjustable Dumbbells' description='Space-saving adjustable dumbbells for strength training.'
INFO:root:CREATE: name='Italian Herbal Seasoning' description='A fragrant blend of Italian herbs for pasta sauces and marinades.'
INFO:root:CREATE: name='Pear and Gorgonzola Salad' description='Fresh salad with pears, gorgonzola cheese, and nuts, perfect for lunch.'
INFO:root:CREATE: name='Coconut Curry Lentils' description='Lentils cooked in a coconut curry for a hearty meal.'
INFO:root:CREATE: name='Insulated Lunch Box' description='Durable lunch box designed to keep food fresh and cool.'
INFO:root:CREATE: name='Almond Joy Protein Bars' description='Chocolate coconut protein bars inspired by the classic candy bar.'
INFO:root:CREATE: name='Pet Waterer with Filtration' description='Automatic waterer that filters and provides fresh drinking water for pets.'
INFO:root:CREATE: name='Chocolate Covered Pretzels' description='Crunchy pretzels coated in rich chocolate, a sweet treat.'
INFO:root:CREATE: name='Coconut Milk' description='Rich coconut milk for curries and desserts.'
INFO:root:CREATE: name='Incense Holder' description='Ceramic incense holder for a calming atmosphere.'
INFO:root:CREATE: name='Organic Coconut Flakes' description='Unsweetened coconut flakes for baking and snacking.'
INFO:root:CREATE: name='Gardening Gloves' description='Durable gardening gloves with reinforced fingertips.'
INFO:root:CREATE: name='Blackberry Compote' description='Sweet blackberry compote, perfect for topping desserts.'
INFO:root:CREATE: name='Luxury Memory Foam Mattress Topper' description="Adds extra comfort to your mattress for a better night's sleep."
INFO:root:CREATE: name='Solar String Lights' description='Eco-friendly string lights for outdoor decor.'
INFO:root:CREATE: name='Multi-Tool' description='Versatile multi-tool with 15 different functions.'
INFO:root:CREATE: name='Maple Almond Butter' description='Creamy almond butter sweetened with maple syrup for a delicious spread.'
INFO:root:CREATE: name='Low-Fat Yogurt' description='Creamy yogurt with probiotics, available in various flavors.'
INFO:root:CREATE: name='Outdoor Portable Fire Pit' description='Compact fire pit for campfires and gatherings.'
INFO:root:CREATE: name='Organic Black Beans' description='Versatile canned black beans, ready to add to any dish.'
INFO:root:CREATE: name='Magnetic Spice Containers' description='Set of magnetic jars for convenient spice organization.'
INFO:root:CREATE: name='Smart Doorbell' description='Wi-Fi enabled doorbell with HD camera and two-way audio.'
INFO:root:CREATE: name='Pizza Stone' description='Ceramic pizza stone for homemade pizzas.'
INFO:root:CREATE: name='Berry Smoothie Mix' description='Frozen mix for quick berry smoothies.'
INFO:root:CREATE: name='Turmeric Ginger Tea' description='A soothing tea blend with turmeric and ginger for wellness.'
INFO:root:CREATE: name='Rechargeable Hand Warmer' description='Portable rechargeable warmer for cold days.'
INFO:root:CREATE: name='Collapsible Folding Chair' description='Lightweight and portable chair for camping or events.'
INFO:root:CREATE: name='Cauliflower Pizza Crust' description='Healthy pizza crust made from cauliflower'
INFO:root:CREATE: name='Gardening Tools Set' description='Complete set of gardening tools for outdoor tasks.'
INFO:root:CREATE: name='Emergency Preparedness Kit' description='Complete kit for emergency situations including food and water.'
INFO:root:CREATE: name='Organic Cucumber' description='Fresh organic cucumber perfect for salads or snacking.'
INFO:root:CREATE: name='Outdoor Camping Hammock' description='Lightweight and durable hammock for relaxing in nature.'
INFO:root:CREATE: name='Digital Drawing Tablet' description='Tablet for digital drawing and illustration work.'
INFO:root:CREATE: name='Fitness Resistance Bands Set' description='Variety of bands suitable for all fitness levels.'
INFO:root:CREATE: name='Sweet and Sour Sauce' description='Perfect dipping sauce or stir-fry addition for a sweet and tangy flavor.'
INFO:root:CREATE: name='Spicy Beef Taco Mix' description='Easy mix for making spicy beef tacos.'
INFO:root:CREATE: name='Cranberry Orange Juice' description='Refreshing juice blend of cranberries and oranges.'
INFO:root:CREATE: name='Gingerbread House Kit' description='Everything you need to build a festive gingerbread house.'
INFO:root:CREATE: name='Over-the-Door Shoe Organizer' description='Space-saving solution to store shoes and keep them organized.'
INFO:root:CREATE: name='Instant Read Meat Thermometer' description='Fast and accurate thermometer for grilling and cooking.'
INFO:root:CREATE: name='Savory Oats' description='Instant oats with a savory twist, such as herbs and spices.'
INFO:root:CREATE: name='Oversized Denim Shirt' description='A trendy oversized denim shirt perfect for layering.'
INFO:root:CREATE: name='Vegetable Spring Rolls' description='Crispy spring rolls filled with vegetables'
INFO:root:CREATE: name='Lemon Herb Grilled Chicken' description='Tender grilled chicken marinated in lemon herbs.'
INFO:root:CREATE: name='Garlic Herb Cream Cheese' description='Spreadable cream cheese blended with garlic and herbs.'
INFO:root:CREATE: name='Peanut Butter Chocolate Clusters' description='Delicious clusters of peanuts and chocolate for a sweet treat.'
INFO:root:CREATE: name='Pet Training Clicker' description='Simple tool to train your pet with positive reinforcement.'
INFO:root:CREATE: name='Tuna Fish (canned)' description='Wild-caught tuna in olive oil, perfect for salads.'
INFO:root:CREATE: name='Comfortable Jogger Pants' description='Relaxed fit joggers made from soft fleece, ideal for lounging or workouts.'
INFO:root:CREATE: name='Wire Shelving Unit' description='Adjustable shelving unit for home or garage storage.'
INFO:root:CREATE: name='Adjustable Dog Harness' description='Comfortable and adjustable harness for dogs.'
INFO:root:CREATE: name='Creamy Garlic Mashed Potatoes' description='Rich and buttery mashed potatoes with roasted garlic.'
INFO:root:CREATE: name='Compact Portable Grill' description='Easy-to-use portable grill for barbecues.'
INFO:root:CREATE: name='Rice Pudding' description='Creamy dessert made with rice and cinnamon.'
INFO:root:CREATE: name='Mango Chili Salsa' description='A sweet and spicy salsa made with mangoes and a hint of chili, great with chips or grilled chicken.'
INFO:root:CREATE: name='Hiking Water Bottle with Filter' description='8oz water bottle with built-in filter for clean drinking water.'
INFO:root:CREATE: name='Vegetable Broth' description='Rich vegetable broth for soups and stews.'
INFO:root:CREATE: name='LED Camping Lantern with USB Charging' description='Rechargeable lantern with multiple brightness settings for outdoors.'
INFO:root:CREATE: name='Greek Yogurt' description='Creamy Greek yogurt packed with protein and probiotics.'
INFO:root:CREATE: name='Wildflower Honey' description='Natural honey sourced from wildflowers.'
INFO:root:CREATE: name='LED Strip Lights with Remote Control' description='Color-changing LED lights for home decoration with remote.'
INFO:root:CREATE: name='Cinnamon Roll Dough' description='Ready-to-bake cinnamon roll dough for easy breakfasts.'
INFO:root:CREATE: name='Sweet Potato Fries' description='Crispy sweet potato fries, a delicious side dish.'
INFO:root:CREATE: name='Ankle Boots' description='Stylish leather ankle boots with a block heel, perfect for fall styling.'
INFO:root:CREATE: name='Spicy Tuna Sushi Kit' description='Everything you need to make delicious spicy tuna rolls at home.'
INFO:root:CREATE: name='Oven Thermometer' description='High-precision oven thermometer for accurate cooking.'
INFO:root:CREATE: name='Cinnamon Sugar Donuts' description='Delicious mini donuts dusted with cinnamon sugar.'
INFO:root:CREATE: name='Portable Camping Stove' description='Compact camp stove for outdoor cooking.'
INFO:root:CREATE: name='Maple Almond Butter' description='Creamy almond butter sweetened with maple syrup for a delicious spread.'
INFO:root:CREATE: name='Oven-Baked Potato Chips' description='Light and crispy baked potato chips in assorted flavors.'
INFO:root:CREATE: name='Ricotta Cheese' description='Creamy ricotta cheese, great for cooking or making desserts.'
INFO:root:CREATE: name='Pet Water Fountain' description='Automatic water fountain for pets with filtration.'
INFO:root:CREATE: name='Smartphone UV Sanitizer' description='UV light sanitizer for phones and small items.'
INFO:root:CREATE: name='Solar Garden Lights' description='Energy-efficient lights that charge during the day and illuminate at night.'
INFO:root:CREATE: name='Garlic Herb Marinade' description='A savory marinade for meats, perfect for grilling.'
INFO:root:CREATE: name='Lentil Pasta' description='Gluten-free pasta made from lentils, high in protein.'
INFO:root:CREATE: name='Yoga Strap' description='Durable yoga strap for deeper stretches.'
INFO:root:CREATE: name='Relaxed Fit Henley Shirt' description='A comfortable henley shirt made of soft cotton, perfect for casual outings.'
INFO:root:CREATE: name='Teriyaki Beef Jerky' description='Savory and chewy beef jerky with teriyaki flavor.'
INFO:root:CREATE: name='Pet Hair Removal Roller' description='Lint roller designed specifically for removing pet hair from furniture.'
INFO:root:CREATE: name='Smart Wi-Fi Light Bulbs' description='Energy-efficient LED bulbs that can be controlled via smartphone.'
INFO:root:CREATE: name='Personalized Keychain' description='Custom keychain with engraved text.'
INFO:root:CREATE: name='Organic Baby Carrots' description='Fresh and crunchy baby carrots ready for snacking.'
INFO:root:CREATE: name='Chocolate Protein Powder' description='Rich chocolate protein powder for smoothies and baking.'
INFO:root:CREATE: name='Weighted Jump Rope with Counter' description='Jump rope that counts your jumps for tracking workouts.'
INFO:root:CREATE: name='Vegetable Broth' description='Rich vegetable broth for soups and stews.'
INFO:root:CREATE: name='Maple Oatmeal' description='Delicious maple-flavored oatmeal for a quick breakfast.'
INFO:root:CREATE: name='Chocolate Coconut Protein Balls' description='No-bake protein balls with chocolate and coconut flavors.'
INFO:root:CREATE: name='Sushi Rice' description='Short-grain sushi rice for perfect rolls.'
INFO:root:CREATE: name='Instant Pot' description='7-in-1 multi-cooker for versatile cooking.'
INFO:root:CREATE: name='Italian Marinara Sauce' description='Classic marinara sauce for pasta, pizza, or dipping.'
INFO:root:CREATE: name='Adjustable Kitchen Broom Stand' description='Space-saving broom holder for organized cleaning supplies.'
INFO:root:CREATE: name='Creamy Ranch Dressing' description='Classic ranch dressing for salads and dipping.'
INFO:root:CREATE: name='Sliced Turkey Breast' description='Oven-roasted sliced turkey, perfect for sandwiches.'
INFO:root:CREATE: name='Backpacking Tent' description='Lightweight and durable tent for camping trips.'
INFO:root:CREATE: name='Silicone Baking Mat' description='Non-stick baking mat for easy cooking and cleanup.'
INFO:root:CREATE: name='Organic Green Tea' description='Delicate green tea leaves for a refreshing beverage.'
INFO:root:CREATE: name='Personal Safety Alarm' description='Compact alarm for personal safety and security.'
INFO:root:CREATE: name='Gluten-Free Biscuits' description='Fluffy biscuits made without gluten'
INFO:root:CREATE: name='Cheese Stuffed Jalapenos' description='Spicy jalapenos stuffed with cheese, ideal for appetizers.'
INFO:root:CREATE: name='Organic Honeycrisp Apples' description='Sweet and crisp apples, perfect for snacking.'
INFO:root:CREATE: name='Professional Chef Knife' description='High-carbon stainless steel chef knife for precision cutting.'
INFO:root:CREATE: name='Pineapple Chunks (canned)' description='Sweet pineapple chunks in syrup.'
INFO:root:CREATE: name="Wooden Children's Play Kitchen" description='Interactive kitchen set for imaginative play.'
INFO:root:CREATE: name='Frozen Burritos' description='Easy-to-heat frozen burritos for a quick meal.'
INFO:root:CREATE: name='Lemon Garlic Marinade' description='A zesty marinade made with lemon juice and garlic, ideal for chicken or fish.'
INFO:root:CREATE: name='Lemon Dill Salmon' description='Salmon fillets seasoned with lemon and dill, perfect for grilling.'
INFO:root:CREATE: name='Indoor Grill' description='Electric indoor grill for quick meals.'
INFO:root:CREATE: name='Non-Stick Baking Sheets' description='Set of baking sheets for effortless baking.'
INFO:root:CREATE: name='Roasted Red Pepper Hummus' description='A creamy and flavorful hummus made with roasted red peppers.'
INFO:root:CREATE: name='Tea Set with Infuser' description='Elegant tea set that includes an infuser for brewing.'
INFO:root:CREATE: name='Waterproof Rain Boots' description='Stay dry with these stylish waterproof rain boots.'
INFO:root:CREATE: name='Coconut Oil' description='Versatile organic coconut oil for cooking and baking.'
INFO:root:CREATE: name='Spaghetti Sauce' description='Rich spaghetti sauce, a perfect pasta sauce.'
INFO:root:CREATE: name='Smart Home Security Camera' description='Wi-Fi camera with motion detection for home security.'
INFO:root:CREATE: name='Compact Folding Table' description='Versatile folding table great for events or outdoor activities.'
INFO:root:CREATE: name='Mini Indoor Hydroponic Garden' description='Grow herbs indoors with this easy-to-use hydroponic garden system.'
INFO:root:CREATE: name='Cauliflower Rice Stir-Fry' description='Frozen cauliflower rice blended with mixed vegetables and seasonings.'
INFO:root:CREATE: name='Elderberry Syrup Kit' description='DIY kit to make your own elderberry syrup.'
INFO:root:CREATE: name='Heavy Duty Gardening Tool Set' description='Comprehensive tool set for gardening enthusiasts.'
INFO:root:CREATE: name='Multi-Port USB Hub' description='USB hub for expanding ports on computers and laptops.'
INFO:root:CREATE: name='Portable USB-C Monitor' description='Lightweight and slim monitor ideal for dual-screen setups.'
INFO:root:CREATE: name='Wireless Gaming Mouse' description='Ergonomic mouse designed for gamers with high DPI.'
INFO:root:CREATE: name='Sweet Corn' description='Tender sweet corn kernels, ready to eat or add to dishes.'
INFO:root:CREATE: name='Smoky BBQ Jackfruit' description='Pulled jackfruit in a smoky BBQ sauce for a tasty vegan dish.'
INFO:root:CREATE: name='Chipotle Sauce' description='Spicy sauce made with chipotle peppers'
INFO:root:CREATE: name="Kids' Trampoline" description='Safe and fun trampoline for children.'
INFO:root:CREATE: name='Suction Cup Hooks' description='Reusable suction cup hooks for hanging items.'
INFO:root:CREATE: name='Asian Stir-Fry Vegetables' description='Frozen mix of colorful stir-fry veggies.'
INFO:root:CREATE: name='Pet Grooming Scissors' description='Quality scissors designed for easy pet grooming.'
INFO:root:CREATE: name='Vegetarian Pizza' description='Frozen pizza loaded with vegetables and cheese.'
INFO:root:CREATE: name='Honey Sriracha Chicken Bites' description='Frozen chicken bites coated in a honey sriracha glaze, spicy and sweet.'
INFO:root:CREATE: name='Fettuccine Alfredo Dinner Kit' description='Easy meal kit for creamy fettuccine Alfredo.'
INFO:root:CREATE: name='Sesame Garlic Stir-Fry Sauce' description='A flavorful sauce for stir-frying vegetables and meats.'
INFO:root:CREATE: name='Wooden Kitchen Utensil Set' description='Eco-friendly utensil set made from natural wood.'
INFO:root:CREATE: name='Adjustable Dumbbells' description='Space-saving adjustable dumbbells for strength training.'
INFO:root:CREATE: name='Garden Tool Set' description='Complete set of gardening tools for all your needs.'
INFO:root:CREATE: name='Crispy Kale Chips' description='Baked kale chips seasoned for a healthy, crunchy snack.'
INFO:root:CREATE: name='Cat Tree' description='Multi-level cat tree for climbing and scratching.'
INFO:root:CREATE: name='Rustic Italian Bread' description='Freshly baked rustic bread, perfect for sandwiches or dipping in olive oil.'
INFO:root:CREATE: name='Suction Cup Hooks' description='Reusable suction cup hooks for hanging items.'
INFO:root:CREATE: name='Italian Breadsticks' description='Crispy breadsticks seasoned with herbs and garlic.'
INFO:root:CREATE: name='Wall Planner' description='Large wall planner for organizing schedules.'
INFO:root:CREATE: name='Organic Tomato Soup' description='Hearty tomato soup made from organic ingredients.'
INFO:root:CREATE: name='Lemon Dill Chicken Skewers' description='Marinated chicken skewers with lemon and dill flavor, grilled to perfection.'
INFO:root:CREATE: name='Kombucha Drink' description='Refreshing and tangy fermented tea, available in various flavors.'
INFO:root:CREATE: name='Stainless Steel Water Pitcher' description='Insulated pitcher to keep beverages cold or hot.'
INFO:root:CREATE: name='LED Disco Ball Light' description='Fun light that creates a disco atmosphere for parties.'
INFO:root:CREATE: name='Coconut Almond Granola' description='Crunchy granola made with oats, almonds, and coconut flakes.'
INFO:root:CREATE: name='Throw Pillow Covers' description='Set of decorative pillow covers to enhance your home decor.'
INFO:root:CREATE: name='Fitness Resistance Bands Kit' description='Set with various resistance bands for workouts.'
INFO:root:CREATE: name='Maple Pecan Oatmeal Cookies' description='Soft oatmeal cookies with maple and pecans.'
INFO:root:CREATE: name='Smart Scale' description='Wi-Fi smart scale for tracking weight and BMI.'
INFO:root:CREATE: name='Self-Inflating Camping Mattress' description='Comfortable camping mattress that inflates automatically.'
INFO:root:CREATE: name='Cheddar Cheese Crackers' description='Crunchy crackers topped with real cheddar cheese flavor.'
INFO:root:CREATE: name='Lentils' description='High in protein, perfect for soups and stews.'
INFO:root:CREATE: name='Smart Wi-Fi Camera' description='Indoor Wi-Fi camera for home security.'
INFO:root:CREATE: name='Mango Chia Pudding' description='Healthy chia pudding made with mango and coconut milk.'
INFO:root:CREATE: name='Travel Jewelry Organizer' description='Compact storage for your jewelry while traveling.'
INFO:root:CREATE: name='Gardening Tool Belt' description='Convenient belt with pockets for easy access to tools while gardening.'
INFO:root:CREATE: name='Fitness Tracker Band' description='Affordable fitness tracker with heart rate monitor.'
INFO:root:CREATE: name='Chino Shorts' description='Classic chino shorts in a versatile color for summer adventures.'
INFO:root:CREATE: name='Coffee Subscription Service' description='Monthly subscription for freshly roasted coffee delivered to your door.'
INFO:root:CREATE: name='Classic BBQ Sauce' description='Smoky and sweet BBQ sauce for grilling and dipping.'
INFO:root:CREATE: name='Multi-Function Meat Tenderizer' description='Kitchen tool for tenderizing meat to enhance flavors.'
INFO:root:CREATE: name='Pet Activity Tracker' description="GPS collar that monitors your pet's location and activity level."
INFO:root:CREATE: name='Roasted Vegetable Medley' description='A mix of frozen roasted vegetables for an easy side dish.'
INFO:root:CREATE: name='Savory Oatmeal' description='Oatmeal made with savory spices and vegetables.'
INFO:root:CREATE: name='Caramel Apple Taffy' description='Sweet and chewy taffy flavored like caramel apples, great for fall.'
INFO:root:CREATE: name='Tandoori Chicken Skewers' description='Marinated chicken skewers infused with traditional tandoori spices.'
INFO:root:CREATE: name='Eggs (dozen)' description='Farm fresh eggs, essential for breakfast.'
INFO:root:CREATE: name='Rice Pudding' description='Creamy dessert made with rice and cinnamon.'
INFO:root:CREATE: name='Mini Projector' description='Portable projector with 1080p resolution for movies.'
INFO:root:CREATE: name='Smart Home Hub' description='Connect and control smart devices from one app.'
INFO:root:CREATE: name='Pet Grooming Brush' description='Self-cleaning grooming brush for cats and dogs.'
INFO:root:CREATE: name='Organic Almonds' description='Crunchy and nutritious almonds, perfect for snacking.'
INFO:root:CREATE: name='Magnet Travel Fridge Magnets' description='Fun tourist magnets from around the world for your fridge.'
INFO:root:CREATE: name='Vegetarian Stuffed Peppers' description='Bell peppers stuffed with rice, beans, and spices, ready to bake.'
INFO:root:CREATE: name='Self-Cleaning Cat Litter Box' description='Automated litter box that cleans itself after each use.'
INFO:root:CREATE: name='Gardening Gloves' description='Durable gardening gloves with reinforced fingertips.'
INFO:root:CREATE: name='Pumpkin Spice Latte Mix' description='Instant mix for delicious pumpkin spice lattes at home.'
INFO:root:CREATE: name='Microfiber Cleaning Cloths' description='Pack of ultra-soft microfiber cloths for cleaning.'
INFO:root:CREATE: name='Adjustable Bar Stools' description='Stylish bar stools with adjustable height and swivel features.'
INFO:root:CREATE: name='Maple Bacon Potato Chips' description='Savory potato chips with a hint of maple sweetness and crispy bacon flavor.'
INFO:root:CREATE: name='Sushi Roll Kit' description='All ingredients needed to make your own sushi'
INFO:root:CREATE: name='Shower Curtain Hooks' description='Stylish hooks to easily hang shower curtains.'
INFO:root:CREATE: name='Shatterproof Wine Glasses' description='Durable, unbreakable wine glasses for outdoor use.'
INFO:root:CREATE: name='Vegetable Fried Rice' description='Quick and easy fried rice mixed with vegetables and soy sauce.'
INFO:root:CREATE: name='Chili Powder' description='Spicy chili powder to add heat to dishes.'
INFO:root:CREATE: name='Memory Card' description='64GB SD memory card for cameras and devices.'
INFO:root:CREATE: name='Pasta Maker' description='Manual pasta maker for homemade pasta.'
INFO:root:CREATE: name='Hummus' description='Creamy chickpea dip, perfect for veggies or pita.'
INFO:root:CREATE: name='Camping Chair' description='Portable folding camping chair with cup holder.'
INFO:root:CREATE: name='Chocolate Almond Milk' description='Rich and creamy almond milk with a hint of chocolate.'
INFO:root:CREATE: name='Backpacking Tent' description='Lightweight and durable tent for camping trips.'
INFO:root:CREATE: name='Smartwatch' description='Stylish smartwatch with fitness tracking features.'
INFO:root:CREATE: name='Adjustable Height Standing Desk Converter' description='Convert your desk to a standing desk easily.'
INFO:root:CREATE: name='Cabbage' description='Fresh green cabbage, great for salads and slaws.'
INFO:root:CREATE: name='Vegan chocolate chip cookies' description='Delicious soft cookies, dairy-free and egg-free, perfect for treats.'
INFO:root:CREATE: name='Portable Speaker Stand' description='Adjustable stand for portable speakers and devices.'
INFO:root:CREATE: name='Multifunctional Pocket Tool' description='Compact pocket tool with various built-in functions.'
INFO:root:CREATE: name='Herbal Tea Infuser' description='Infuser for brewing loose-leaf herbal teas easily.'
INFO:root:CREATE: name='Jump Rope with Counter' description='Durable jump rope with built-in counter for workouts.'
INFO:root:CREATE: name='Black Bean & Corn Salad' description='A fresh salad made with black beans, corn, and a zesty dressing, great for summer cookouts.'
INFO:root:CREATE: name='Heated Throw Blanket' description='Soft blanket that provides warmth with adjustable settings.'
INFO:root:CREATE: name='Vegan Chickpea Salad' description='Healthy salad made with chickpeas, vegetables, and a lemon dressing.'
INFO:root:CREATE: name='Frozen Fruit Medley' description='A mix of strawberries, blueberries, and raspberries, perfect for smoothies.'
INFO:root:CREATE: name="Kids' Educational Tablet" description='Learning tablet with kid-friendly educational apps.'
INFO:root:CREATE: name='Mini Indoor Herb Garden Kit' description='All-in-one kit for growing herbs in your kitchen.'
INFO:root:CREATE: name='Essential Oil Diffuser' description='Ultrasonic diffuser that helps create a calming atmosphere.'
INFO:root:CREATE: name='Folding Backpack Chair' description='Versatile chair that easily folds up for carrying.'
INFO:root:CREATE: name='LED Flashlight' description='Bright LED flashlight with adjustable beam.'
INFO:root:CREATE: name='Indoor Grill' description='Electric indoor grill for quick meals.'
INFO:root:CREATE: name='Board Game' description='Strategic board game for family game nights.'
INFO:root:CREATE: name='Almond Crunch Granola Bars' description='Nutty granola bars for healthy snacking.'
INFO:root:CREATE: name='Electric Egg Cooker' description='Automatically cooks eggs to your desired level.'
INFO:root:CREATE: name='Lemon Dill Chicken Skewers' description='Marinated chicken skewers with lemon and dill flavor, grilled to perfection.'
INFO:root:CREATE: name='Honey Ginger Tea' description='Soothing tea with honey and ginger, great for relaxation.'
INFO:root:CREATE: name='Stainless Steel Travel Mug' description='Insulated mug to keep drinks hot on the go.'
INFO:root:CREATE: name='Honey Graham Crackers' description='Sweet and crunchy honey-flavored graham crackers.'
INFO:root:CREATE: name='Vegan Taco Seasoning' description='Spice blend for creating flavorful vegan taco filling.'
INFO:root:CREATE: name='Bamboo Cutting Board Set' description='Eco-friendly bamboo cutting boards in various sizes.'
INFO:root:CREATE: name='Pet Grooming Brush' description='Self-cleaning grooming brush for cats and dogs.'
INFO:root:CREATE: name='Oven Thermometer' description='High-precision oven thermometer for accurate cooking.'
INFO:root:CREATE: name='Whole Roasted Chicken' description='Seasoned and roasted to perfection, ready to eat.'
INFO:root:CREATE: name='Classic Cheesecake Mix' description='A simple, no-bake cheesecake mix to create your own delicious cheesecake.'
INFO:root:CREATE: name='Electronic Drum Kit' description='Compact electronic drum kit for musicians of all levels.'
INFO:root:CREATE: name='Stuffed Peppers with Quinoa' description='Bell peppers filled with quinoa and vegetables.'
INFO:root:CREATE: name='Apple Pie Filling' description='Sweet and spiced apple filling, perfect for pies.'
INFO:root:CREATE: name='Frozen Chicken Nuggets' description='Crispy chicken nuggets for quick meals.'
INFO:root:CREATE: name='Sour Cream' description='Tangy sour cream, perfect for dips and toppings.'
INFO:root:CREATE: name='Car Seat Organizer' description='Storage solutions for keeping your car tidy and organized.'
INFO:root:CREATE: name='Silicone Baking Cups' description='Set of reusable baking cups for muffins and cupcakes.'
INFO:root:CREATE: name='Egg Noodles' description='Wide egg noodles, perfect for casseroles and soups.'
INFO:root:CREATE: name='Organic Blueberries' description='Fresh organic blueberries perfect for snacking or baking.'
INFO:root:CREATE: name='Peanut Butter Granola' description='Crunchy granola full of peanut butter flavor and oats.'
INFO:root:CREATE: name='Nutty Trail Mix' description='A blend of nuts, seeds, and dried fruits for snacking.'
INFO:root:CREATE: name='Electric Rice Cooker' description='Multi-function rice cooker for all types of rice recipes.'
INFO:root:CREATE: name='Vegetable Fried Rice Mix' description='A quick and easy fried rice mix with colorful veggies and savory seasoning.'
INFO:root:CREATE: name='Herbed Goat Cheese' description='Tangy goat cheese infused with herbs, perfect for snacking.'
INFO:root:CREATE: name='Smoked Gouda Cheese' description='Rich and creamy smoked Gouda cheese perfect for snacking.'
INFO:root:CREATE: name='Air Purifier' description='HEPA air purifier for clean indoor air.'
INFO:root:CREATE: name='Breezy Off-The-Shoulder Top' description='A light and breezy top ideal for warm days.'
INFO:root:CREATE: name='Habanero Hot Sauce' description='Fiery hot sauce made with fresh habaneros and spices.'
INFO:root:CREATE: name='Multi-Cooker' description='Versatile multi-cooker for pressure cooking and slow cooking.'
INFO:root:CREATE: name='Electric Heat Press Machine' description='Ideal for creating custom designs on t-shirts and fabrics.'
INFO:root:CREATE: name='Vegetable Stir-Fry Sauce' description='Savory sauce for vegetable and meat stir-fries.'
INFO:root:CREATE: name='Raisin Cinnamon Granola' description='Crunchy granola with raisins and cinnamon for a delightful breakfast.'
INFO:root:CREATE: name='Heavy Duty Gardening Tool Set' description='Comprehensive tool set for gardening enthusiasts.'
INFO:root:CREATE: name='Honey' description='Pure and natural honey, great for sweetening.'
INFO:root:CREATE: name='Coconut Milk Ice Cream' description='Dairy-free ice cream made with coconut milk, creamy and delicious.'
INFO:root:CREATE: name='Ankle Boots' description='Stylish leather ankle boots with a block heel, perfect for fall styling.'
INFO:root:CREATE: name='Handcrafted Wooden Coasters' description='Set of unique wooden coasters for drinks and decor.'
INFO:root:CREATE: name='Silicone Baking Mat' description='Non-stick baking mat for easy cooking and cleanup.'
INFO:root:CREATE: name='Lightweight Travel Backpack' description='Compact and portable backpack for day trips and travel.'
INFO:root:CREATE: name='Foldable Yoga Mat Carry Bag' description='Durable bag for carrying your yoga mat and accessories.'
INFO:root:CREATE: name='Cinnamon Rolls' description='Sweet and gooey cinnamon rolls, ready to bake.'
INFO:root:CREATE: name='Italian Herb Balsamic Marinade' description='A rich marinade perfect for meats and vegetables, infused with Italian herbs and balsamic vinegar.'
INFO:root:CREATE: name='Satin Slip Dress' description='Luxurious satin slip dress for an elegant evening look.'
INFO:root:CREATE: name='Coconut Yogurt' description='Creamy yogurt made from coconut milk, dairy-free and delicious.'
INFO:root:CREATE: name='Savory Snack Mix' description='A mix of nuts, pretzels, and crackers, seasoned just right for snacking.'
INFO:root:CREATE: name='Rechargeable Electric Toothbrush' description='Advanced electric toothbrush for effective cleaning.'
INFO:root:CREATE: name='Slim Fit Chinos' description='Comfortable slim fit chinos for a polished look.'
INFO:root:CREATE: name='Workstation Laptop Stand' description='Adjustable stand to improve ergonomics while working on a laptop.'
INFO:root:CREATE: name='Eco-Friendly Stainless Steel Straws' description='Reusable straws that come with a cleaning brush.'
INFO:root:CREATE: name='Car Windshield Sun Shade' description='Protects car interior from sun damage and heat.'
INFO:root:CREATE: name='DIY Candle Making Kit' description='Everything you need to make your own candles.'
INFO:root:CREATE: name='Trendy Bomber Jacket' description='A fashion-forward bomber jacket to elevate your casual looks.'
INFO:root:CREATE: name='Thyme' description='Fresh thyme, perfect for seasoning dishes.'
INFO:root:CREATE: name='Collapsible Storage Crates' description='Space-saving crates for easy organization at home or while traveling.'
INFO:root:CREATE: name='Organic Granola' description='Healthy granola made with oats and honey.'
INFO:root:CREATE: name='Pistachio Ice Cream' description='Creamy pistachio-flavored ice cream with real nuts.'
INFO:root:CREATE: name='Adjustable Yoga Mat Strap' description='Convenient strap for carrying yoga mats to class.'
INFO:root:CREATE: name='Multi-Purpose Scissors' description='Heavy-duty scissors for crafting and office use.'
INFO:root:CREATE: name='Portable Hammock Swing' description='Lightweight and portable swing hammock for relaxing outdoors.'
INFO:root:CREATE: name='Artisan Flatbreads' description='Thin and crispy flatbreads, perfect for dips.'
INFO:root:CREATE: name="Kids' Trampoline" description='Safe and fun trampoline for children.'
INFO:root:CREATE: name='Self-Adhesive Wallpaper' description='Peel and stick wallpaper for easy home decor changes.'
INFO:root:CREATE: name='Chilli Lime Corn on the Cob' description='Corn on the cob seasoned with chili and lime for a spicy kick.'
INFO:root:CREATE: name='Magnetic Screen Door' description='Keep bugs out while allowing fresh air in during summer.'
INFO:root:CREATE: name='Lemon Sorbet' description='Refreshing sorbet with a zesty lemon flavor.'
INFO:root:CREATE: name='Laundry Detergent' description='Effective laundry detergent for a deep clean.'
INFO:root:CREATE: name='Chipotle Black Bean Burger' description='Spicy black bean burgers, great on the grill.'
INFO:root:CREATE: name='Emergency Preparedness Kit' description='Complete kit for emergency situations including food and water.'
INFO:root:CREATE: name='Compact Dishwasher' description='Countertop dishwasher for small kitchens.'
INFO:root:CREATE: name='Compact Folding Table' description='Versatile folding table great for events or outdoor activities.'
INFO:root:CREATE: name='Faux Fur Coat' description='A luxurious faux fur coat that adds glamour to any outfit.'
INFO:root:CREATE: name='Travel Sewing Kit' description='Compact sewing kit for travel emergencies.'
INFO:root:CREATE: name='Oats' description='Organic rolled oats, great for breakfast or baking.'
INFO:root:CREATE: name='Multifunctional Pocket Tool' description='Compact pocket tool with various built-in functions.'
INFO:root:CREATE: name='Grapes (red)' description='Fresh seedless red grapes, perfect for snacking.'
INFO:root:CREATE: name='Adjustable Pet Feeder' description="Convenient feeder that adjusts to your pet's height."
INFO:root:CREATE: name='Fleece Throw Blanket' description='Super soft fleece blanket, perfect for coziness.'
INFO:root:CREATE: name='Roasted Red Pepper Hummus' description='A creamy and flavorful hummus made with roasted red peppers.'
INFO:root:CREATE: name='Creamy Avocado Dip' description='Rich and creamy dip made with real avocado, great for chips.'
INFO:root:CREATE: name='Foot Massager Machine' description='Electric foot massager for relaxation and relief.'
INFO:root:CREATE: name='Reusable Coffee Filter' description='Eco-friendly coffee filter for brewing.'
INFO:root:CREATE: name='Garden Hose' description='Durable 50-foot garden hose with nozzle.'
INFO:root:CREATE: name='Balsamic Salad Dressing' description='Tangy and sweet balsamic dressing, perfect for salads.'
INFO:root:CREATE: name='Apple Juice' description='Refreshing apple juice, 100% juice with no added sugar.'
INFO:root:CREATE: name='Pasta Portion Control Measure' description='Tool for measuring perfect pasta portions every time.'
INFO:root:CREATE: name='Cinnamon Roll Dough' description='Ready-to-bake cinnamon roll dough for easy breakfasts.'
INFO:root:CREATE: name='V-Neck Sweater' description='Classic V-neck sweater crafted from soft wool for warmth and style.'
INFO:root:CREATE: name='Travel Document Organizer' description='Organize travel documents, passport, and cards.'
INFO:root:CREATE: name='Smart Scale' description='Wi-Fi smart scale for tracking weight and BMI.'
INFO:root:CREATE: name='Chocolate Almond Milk' description='Rich and creamy almond milk with a hint of chocolate.'
INFO:root:CREATE: name='Pet Leash' description='Durable pet leash with comfortable handle.'
INFO:root:CREATE: name='Pasta Sauce Mix' description='Just add water for a quick pasta sauce.'
INFO:root:CREATE: name='Glass Water Bottle' description='Borosilicate glass water bottle with silicone sleeve.'
INFO:root:CREATE: name='Nutty Granola Clusters' description='Crunchy granola clusters mixed with nuts and honey.'
INFO:root:CREATE: name='Frozen Berry Blend' description='A mix of frozen berries for smoothies or desserts'
INFO:root:CREATE: name='Portable Pet Water Bottle' description='Travel-friendly water bottle for pets on the go.'
INFO:root:CREATE: name='Pumpkin Spice Coffee' description='Coffee blend infused with pumpkin spice, perfect for fall.'
INFO:root:CREATE: name='Herbal Tea Sampler Box' description='Assorted collection of herbal teas for relaxation and wellness.'
INFO:root:CREATE: name='Maple Bacon Popcorn' description='Savory popcorn flavored with maple syrup and bacon bits.'
INFO:root:CREATE: name='Peanut Butter' description='Creamy and smooth peanut butter, perfect for sandwiches.'
INFO:root:CREATE: name='Creamy Garlic Mashed Potatoes' description='Rich and buttery mashed potatoes with roasted garlic.'
INFO:root:CREATE: name='Strawberry Fruit Spread' description='Natural fruit spread bursting with real strawberry flavor.'
INFO:root:CREATE: name='Fruit Medley Juice' description='Refreshing juice blend made with various fresh fruits.'
INFO:root:CREATE: name='Infrared Thermometer Gun' description='Non-contact thermometer for quick and easy temperature readings.'
INFO:root:CREATE: name='Oats' description='Organic rolled oats, great for breakfast or baking.'
INFO:root:CREATE: name='Chocolate Peanut Butter Cups' description='Delicious dark chocolate cups filled with creamy peanut butter.'
INFO:root:CREATE: name='Pet Food Storage Container' description='Airtight container to keep pet food fresh.'
INFO:root:CREATE: name='Electric Heating Pad' description='Microwaveable heating pad for muscle pain relief and relaxation.'
INFO:root:CREATE: name='Electric Blanket' description='Extra soft electric blanket with adjustable heat settings.'
INFO:root:CREATE: name='Stainless Steel Water Pitcher' description='Insulated pitcher to keep beverages cold or hot.'
INFO:root:CREATE: name='DIY Candle Making Kit' description='Everything you need to make your own candles.'
INFO:root:CREATE: name='Lentil Soup' description='Flavorful lentil soup, perfect for a quick meal.'
INFO:root:CREATE: name='Body Wash' description='Moisturizing body wash with natural ingredients.'
INFO:root:CREATE: name='Pineapple Coconut Bars' description='Refreshing dessert bars made with pineapple and coconut.'
INFO:root:CREATE: name='Sweet Potatoes' description='Sweet and nutritious potatoes, great for roasting.'
INFO:root:CREATE: name='Indestructible Dog Toy' description='Durable toy designed for heavy chewers.'
INFO:root:CREATE: name='Portable Water Filter' description='Lightweight water filter for outdoor adventures.'
INFO:root:CREATE: name='Vegetarian Pizza' description='Frozen pizza loaded with vegetables and cheese.'
INFO:root:CREATE: name='Foot Massager' description='Electric foot massager with heat settings.'
INFO:root:CREATE: name='Pumpkin Pie Spice' description='A blend of spices that brings the taste of fall to your baked goods.'
INFO:root:CREATE: name='Coffee Capsule Dispenser' description='Organize coffee capsules with this stylish dispenser.'
INFO:root:CREATE: name='Margherita Pizza' description='A frozen pizza topped with fresh mozzarella, tomatoes, and basil.'
INFO:root:CREATE: name='Woven Storage Baskets' description='Stylish baskets for organizing various items in your home.'
INFO:root:CREATE: name='Savory Oats' description='Instant oats with a savory twist, such as herbs and spices.'
INFO:root:CREATE: name='Outdoor Fire Pit' description='Portable fire pit for backyard gatherings.'
INFO:root:CREATE: name='Tomato Sauce' description='Rich and flavorful tomato sauce for pasta or pizza.'
INFO:root:CREATE: name='Tropical Fruit Bowl' description='A mix of tropical fruits for a refreshing snack or dessert.'
INFO:root:CREATE: name='Savory Rice Cakes' description='Lightly salted rice cakes, perfect for a healthy snack.'
INFO:root:CREATE: name='Stuffed Grape Leaves' description='Grape leaves stuffed with rice and herbs, ready to eat.'
INFO:root:CREATE: name='Lemon Sorbet' description='Refreshing sorbet with a zesty lemon flavor.'
INFO:root:CREATE: name='Protein Bar Variety Pack' description='A pack of assorted nut and protein bars for a quick energy boost.'
INFO:root:CREATE: name='Chocolate Mint Protein Shake' description='A nutritious shake with rich chocolate and refreshing mint flavors.'
INFO:root:CREATE: name='Outdoor Portable Fire Pit' description='Compact fire pit for campfires and gatherings.'
INFO:root:CREATE: name='Wireless Security System' description='Comprehensive camera and alert system for home security.'
INFO:root:CREATE: name='Portable Pet Bathing Tool' description='Handheld sprayer designed for washing pets easily.'
INFO:root:CREATE: name='Training Soccer Ball' description='Durable training soccer ball for practice.'
INFO:root:CREATE: name='Whole Roasted Chicken' description='Seasoned and roasted to perfection, ready to eat.'
INFO:root:CREATE: name='Pet Bed' description='Comfortable pet bed for small to medium-sized dogs.'
INFO:root:CREATE: name='Organic Chia Seeds' description='Nutritious chia seeds great for smoothies'
INFO:root:CREATE: name='Cinnamon Sugar Mix' description='Sweet mixture of cinnamon and sugar for sprinkling.'
INFO:root:CREATE: name='Wall-Mounted Bookshelf' description='Floating bookshelf to display your favorite books.'
INFO:root:CREATE: name='Fruit and Nut Medley' description='A healthy mix of assorted dried fruits and nuts for snacking.'
INFO:root:CREATE: name='Sweet Corn Fritters' description='Golden-brown fritters made with sweet corn.'
INFO:root:CREATE: name='Reclining Camping Chair' description='Foldable reclining camping chair with cup holder.'
INFO:root:CREATE: name='Set of Measuring Spoons' description='Stainless steel measuring spoons set for cooking.'
INFO:root:CREATE: name='Oatmeal Raisin Cookies' description='Delicious cookies packed with oats and raisins.'
INFO:root:CREATE: name="Jennifer's Amazing Lip Balm Kit" description='DIY kit to make your own lip balms in various flavors.'
INFO:root:CREATE: name='Cereal Dispenser with Portion Control' description='Maintain freshness and dispense cereal easily.'
INFO:root:CREATE: name='Organic Coconut Yogurt' description='Dairy-free yogurt made from coconut milk.'
INFO:root:CREATE: name='Portable Phone Charger' description='High-capacity power bank for charging devices on the go.'
INFO:root:CREATE: name='Banana Nut Oatmeal Cups' description='Quick oatmeal cups with banana and nut flavor, great for breakfast.'
INFO:root:CREATE: name='Chicken Breasts' description='Juicy and tender boneless chicken breasts.'
INFO:root:CREATE: name='Gardening Fairy Figurines' description='Cute fairy figurines to decorate your garden or potted plants.'
INFO:root:CREATE: name='Board Game Storage' description='Organize your board games with this storage bin.'
INFO:root:CREATE: name='Compost Bin' description='Countertop compost bin for kitchen waste.'
INFO:root:CREATE: name='Garden Tool Set' description='Complete set of gardening tools for all your needs.'
INFO:root:CREATE: name='Coconut Granola' description='Crunchy granola mixed with coconut flakes.'
INFO:root:CREATE: name='Artisan Cornbread Mix' description='Mix for homemade cornbread, just add water and bake for a delicious side.'
INFO:root:CREATE: name='Set of Silicone Cooking Utensils' description='Non-stick utensils for safe and easy cooking.'
INFO:root:CREATE: name='Brownie Bites' description='Fudgy brownie bites, perfect for sharing or snacking.'
INFO:root:CREATE: name='Homestyle Beef Stew' description='Hearty beef stew with vegetables, ready to heat and serve.'
INFO:root:CREATE: name='Herbal Tea Infuser' description='Infuser for brewing loose-leaf herbal teas easily.'
INFO:root:CREATE: name='Savory Rice Cakes' description='Lightly salted rice cakes, perfect for a healthy snack.'
INFO:root:CREATE: name='Plant-Based Meal Prep Containers' description='Eco-friendly meal prep containers for healthy eating.'
INFO:root:CREATE: name='Blue Denim Jeans' description='Classic fit blue jeans with a slight stretch for comfort and durability.'
INFO:root:CREATE: name='Fitness Resistance Bands' description='Set of resistance bands for home workouts.'
INFO:root:CREATE: name='Carrot Ginger Soup' description='Smooth soup made from carrots and ginger, great for cold days.'
INFO:root:CREATE: name='Frozen Salmon Filets' description='Wild-caught salmon filets, perfect for grilling or baking.'
INFO:root:CREATE: name='Decorative Wall Tapestry' description='Colorful tapestry to add charm to any room.'
INFO:root:CREATE: name='Smartphone Stand' description='Adjustable stand for smartphones and tablets.'
INFO:root:CREATE: name='Buffalo Style Cauliflower Bites' description='Frozen cauliflower bites coated in spicy buffalo sauce, ready to bake and enjoy as an appetizer.'
INFO:root:CREATE: name='Lemon Garlic Marinade' description='A zesty marinade made with lemon juice and garlic, ideal for chicken or fish.'
INFO:root:CREATE: name='Set of Herb Garden Markers' description='Stylish markers for labeling your indoor garden plants.'
INFO:root:CREATE: name='Cabbage Slaw Mix' description='Fresh cabbage and carrot slaw mix for salads.'
INFO:root:CREATE: name='Portable Grill Cover' description='Durable cover to protect your grill from the elements.'
INFO:root:CREATE: name='Eco-Friendly Cleaning Cloths' description='Reusable microfiber cloths for environmentally friendly cleaning.'
INFO:root:CREATE: name='Blackberry Jam' description='Delicious homemade style blackberry jam.'
INFO:root:CREATE: name='Baked Falafel Balls' description='Frozen falafel balls made from chickpeas and herbs, perfect for quick meals or salads.'
INFO:root:CREATE: name='Gardening Tool Belt' description='Convenient belt with pockets for easy access to tools while gardening.'
INFO:root:CREATE: name='Dark Chocolate Raisins' description='Juicy raisins coated in rich dark chocolate.'
INFO:root:CREATE: name='Pressure Cooker' description='Instant pressure cooker with multiple cooking settings.'
INFO:root:CREATE: name='Balsamic Fig Dressing' description='A sweet and tangy dressing made with figs and balsamic vinegar, great on salads.'
INFO:root:CREATE: name='DIY Lip Balm Kit' description='Craft your own lip balms with this complete kit.'
INFO:root:CREATE: name='Oatmeal Raisin Cookies' description='Delicious cookies packed with oats and raisins.'
INFO:root:CREATE: name="Kids' Art Easel" description='Double-sided art easel for painting and drawing.'
INFO:root:CREATE: name='Electric Toothbrush' description='Rechargeable electric toothbrush with smart timer.'
INFO:root:CREATE: name="Children's Gardening Set" description='Fun gardening tools designed specifically for kids.'
INFO:root:CREATE: name='Organic Honeycrisp Apples' description='Sweet and crisp apples, perfect for snacking.'
INFO:root:CREATE: name='Portable Massage Gun' description='Personal massager for muscle recovery.'
INFO:root:CREATE: name='Multifunctional Pocket Tool' description='Compact pocket tool with various built-in functions.'
INFO:root:CREATE: name='Oven-Baked Sweet Potato Fries' description='Crispy sweet potato fries, perfectly seasoned and baked to perfection.'
INFO:root:CREATE: name='Cordless Electric Screwdriver' description='Rechargeable screwdriver with multiple bits for DIY projects.'
INFO:root:CREATE: name='Luxury Bath Salts' description='Scented bath salts for relaxation and self-care.'
INFO:root:CREATE: name='Smart Home Hub' description='Connect and control smart devices from one app.'
INFO:root:CREATE: name='Comfy Slippers' description='Soft and cozy slippers for indoor wear.'
INFO:root:CREATE: name='Organic Coconut Yogurt' description='Dairy-free yogurt made from coconut milk.'
INFO:root:CREATE: name='Fashionable Scarves Set' description='Stylish scarves to accessorize any outfit.'
INFO:root:CREATE: name='Comfort Flats' description='Everyday flats that combine comfort and style.'
INFO:root:CREATE: name='Spicy Beef Taco Mix' description='Easy mix for making spicy beef tacos.'
INFO:root:CREATE: name='Electric Pressure Cooker' description='Multi-function pressure cooker that can sauté, steam, and slow cook.'
INFO:root:CREATE: name='Eco-Friendly Stainless Steel Straws' description='Reusable straws that come with a cleaning brush.'
INFO:root:CREATE: name='Sweet Chili Sauce' description='A sweet and spicy sauce, great for dipping or cooking.'
INFO:root:CREATE: name='Smart Thermostat' description='Wi-Fi enabled thermostat for energy-saving temperature control.'
INFO:root:CREATE: name='Fleece Lined Leggings' description='Comfortable and warm leggings perfect for colder weather.'
INFO:root:CREATE: name='Asian Stir-Fry Vegetables' description='Frozen mix of colorful stir-fry veggies.'
INFO:root:CREATE: name='Vegetarian Stuffed Peppers' description='Bell peppers stuffed with rice, beans, and spices, ready to bake.'
INFO:root:CREATE: name='Insulated Coffee Mug' description='Double-walled mug to keep your drink hot for longer.'
INFO:root:CREATE: name='Dark Chocolate Bars' description='Rich dark chocolate bars, perfect for a sweet treat.'
INFO:root:CREATE: name='Adjustable Laptop Stand' description='Ergonomic stand for laptops to improve posture while working.'
INFO:root:CREATE: name='Puzzle 3D Model Kit' description='3D model puzzle kit for creative builders.'
INFO:root:CREATE: name='Plant Watering Spikes' description='Automatic watering devices for potted plants.'
INFO:root:CREATE: name='Lemon Zest Olive Oil' description='High-quality olive oil infused with fresh lemon zest.'
INFO:root:CREATE: name='Digital Wireless Meat Thermometer' description='Bluetooth thermometer that alerts you when your meat is done.'
INFO:root:CREATE: name='Ribbed Knit Dress' description='A fitted ribbed knit dress that hugs your curves perfectly.'
INFO:root:CREATE: name='Almond Coconut Granola' description='Crunchy granola with almonds and coconut.'
INFO:root:CREATE: name='Banana Nut Muffins' description='Moist, fluffy muffins packed with bananas and walnuts for a delightful breakfast or snack.'
INFO:root:CREATE: name='Outdoor Sports Backpack' description='Durable backpack designed for hiking and outdoor excursions.'
INFO:root:CREATE: name='Vegetable Pizza Rolls' description='Frozen pizza rolls filled with vegetables and cheese, perfect for snacks.'
INFO:root:CREATE: name='Handheld Shower Head' description='Adjustable shower head for a luxurious shower experience.'
INFO:root:CREATE: name='Garlic Breadsticks' description='Ready-to-bake garlic breadsticks, perfect with pasta dishes.'
INFO:root:CREATE: name='Peach Slices in Syrup' description='Sweet and tender peach slices preserved in syrup, great for desserts.'
INFO:root:CREATE: name='Cinnamon Ice Cream' description='Creamy ice cream with a warm cinnamon flavor, perfect for dessert.'
INFO:root:CREATE: name="Kids' Trampoline" description='Safe and fun trampoline for children.'
INFO:root:CREATE: name='Sushi Roll Kit' description='All ingredients needed to make your own sushi'
INFO:root:CREATE: name='Vanilla Bean Greek Yogurt' description='Smooth Greek yogurt infused with vanilla bean flavor.'
INFO:root:CREATE: name='Buttermilk Pancakes' description='Fluffy pancakes with buttermilk flavor.'
INFO:root:CREATE: name='Premium Flashlight' description='High-intensity flashlight with adjustable focus and brightness.'
INFO:root:CREATE: name='Bluetooth Shower Speaker' description='Water-resistant Bluetooth speaker for showers.'
INFO:root:CREATE: name='Popcorn Chicken' description='Crispy chicken bites, perfect for dipping.'
INFO:root:CREATE: name='Organic Green Apples' description='Fresh and tart organic green apples, great for snacking or baking.'
INFO:root:CREATE: name='Peach Slices in Syrup' description='Sweet and tender peach slices preserved in syrup, great for desserts.'
INFO:root:CREATE: name='Siphon Coffee Maker' description='Unique coffee brewing method for a flavorful experience.'
INFO:root:CREATE: name='Pet Tracking Collar' description='GPS pet collar that helps locate your pet via smartphone app.'
INFO:root:CREATE: name='Portable Bluetooth Speaker' description='Compact Bluetooth speaker with rich sound quality.'
INFO:root:CREATE: name='Organic Quinoa Salad' description='A refreshing salad made with quinoa and seasonal veggies.'
INFO:root:CREATE: name='Warm Knit Beanie' description='Stay warm with this stylish knit beanie in various colors.'
INFO:root:CREATE: name='Decorative Throw Blanket' description='Soft throw blanket for cozy home decor.'
INFO:root:CREATE: name='Chocolate Dipped Fruit' description='Fruits dipped in rich chocolate, perfect for desserts.'
INFO:root:CREATE: name='Outdoor Mosquito Repellent Lantern' description='Lantern that repels mosquitoes while providing light.'
INFO:root:CREATE: name='Smart LED Desk Lamp' description='Adjustable lamp with multiple brightness levels and colors.'
INFO:root:CREATE: name='Vegetable Sushi Rolls' description='Fresh sushi rolls filled with a variety of vegetables.'
INFO:root:CREATE: name='Spicy Avocado Salsa' description='A zesty salsa made from ripe avocados, tomatoes, onions, and jalapeños, great for dipping or topping.'
INFO:root:CREATE: name='Pasta Maker Machine' description='Manual pasta maker for creating fresh pasta at home.'
INFO:root:CREATE: name='Mini Indoor Hydroponic Garden' description='Grow herbs indoors with this easy-to-use hydroponic garden system.'
INFO:root:CREATE: name='Garam Masala Spice Blend' description='A fragrant Indian spice blend for curries and stews.'
INFO:root:CREATE: name='Rechargeable Hand Warmer' description='Portable rechargeable warmer for cold days.'
INFO:root:CREATE: name='Organic Quinoa Chips' description='Light and crispy chips made from quinoa, ideal for dipping.'
INFO:root:CREATE: name='Honey Wheat Pretzels' description='Crunchy pretzel sticks made with honey and whole wheat.'
INFO:root:CREATE: name='Wall-Mounted Bookshelf' description='Floating bookshelf to display your favorite books.'
INFO:root:CREATE: name='Salsa' description='Fresh and zesty salsa, perfect for nachos.'
INFO:root:CREATE: name='Popcorn Chicken' description='Crispy chicken bites, perfect for dipping.'
INFO:root:CREATE: name='Collapsible Pet Dog Bowl' description='Travel-friendly dog bowl that is collapsible for easy storage.'
INFO:root:CREATE: name='Self-Adhesive Wallpaper' description='Peel and stick wallpaper for easy home decor changes.'
INFO:root:CREATE: name='Luxury Rolling Makeup Case' description='Stylish and spacious case for makeup and beauty products.'
INFO:root:CREATE: name='Dog Training Collar' description='Rechargeable training collar for effective behavior training.'
INFO:root:CREATE: name='Chickpea Salad Deluxe' description='Chickpeas mixed with fresh vegetables and herbs, a nutritious snack or salad.'
INFO:root:CREATE: name='Travel Mug' description='Stainless steel travel mug with spill-proof lid.'
INFO:root:CREATE: name='Balsamic Fig Dressing' description='A sweet and tangy dressing made with figs and balsamic vinegar, great on salads.'
INFO:root:CREATE: name='Garlic & Herb Goat Cheese' description='Creamy goat cheese infused with herbs and garlic, perfect for spreading on crackers.'
INFO:root:CREATE: name='Almond Crunch Granola Bars' description='Nutty granola bars for healthy snacking.'
INFO:root:CREATE: name='Whole Wheat Bread' description='Freshly baked whole wheat bread, rich in fiber.'
INFO:root:CREATE: name='Smoked Salmon' description='Deliciously smoked salmon, great for bagels.'
INFO:root:CREATE: name='Herbed Chicken Breast' description='Marinated chicken breast seasoned with herbs, ready for grilling.'
INFO:root:CREATE: name='Plaid Flannel Shirt' description='Soft flannel shirt with a timeless plaid pattern, perfect for layering.'
INFO:root:CREATE: name='Thai Green Curry Paste' description='A rich curry paste for making authentic Thai green curry at home.'
INFO:root:CREATE: name='Quality Chef Apron' description='Durable apron to keep clothes clean while cooking.'
INFO:root:CREATE: name='Hibiscus Herbal Tea' description='Floral and refreshing herbal tea, great hot or iced.'
INFO:root:CREATE: name='Maple Bacon Potato Chips' description='Savory potato chips with a hint of maple sweetness and crispy bacon flavor.'
INFO:root:CREATE: name='Travel Orthopedic Pillow' description='Supportive pillow that provides comfort while traveling.'
INFO:root:CREATE: name='Fitness Jump Rope with LCD Counter' description='Weighted jump rope that counts jumps and calories burned.'
INFO:root:CREATE: name='Cranberry Almond Granola' description='Crunchy granola with oats, almonds, and dried cranberries.'
INFO:root:CREATE: name='Field Journal' description='Durable journal for nature observations and notes.'
INFO:root:CREATE: name='Pecan Nuts' description='Nutty, crunchy pecans great for baking.'
INFO:root:CREATE: name='Juice Extractor' description='Efficient juicer for fresh fruit and vegetable juices.'
INFO:root:CREATE: name='Woven Storage Baskets' description='Stylish baskets for organizing various items in your home.'
INFO:root:CREATE: name='Mini Waffle Maker' description='Compact waffle maker for perfect small waffles.'
INFO:root:CREATE: name='Water Bottle with Built-in Fruit Infuser' description='Stay hydrated with refreshing flavored water.'
INFO:root:CREATE: name='Patterned Knit Scarf' description='Add a pop of color with this stylish patterned knit scarf.'
INFO:root:CREATE: name='Coffee Making Kit' description='Complete set to brew coffee with different methods.'
INFO:root:CREATE: name='Wrist Support Brace' description='Comfortable support brace to relieve wrist pain.'
INFO:root:CREATE: name='Whole Grain Mustard' description='Tangy whole grain mustard for sandwiches and dressings.'
INFO:root:CREATE: name='Watercolor Paint Set' description='Vibrant watercolor paints that come with brushes and palettes.'
INFO:root:CREATE: name='Chocolate Chip Cookie Mix' description='Everything you need to bake delicious chocolate chip cookies.'
INFO:root:CREATE: name='Striped Long Sleeve Shirt' description="A casual striped long sleeve shirt that's perfect for layering."
INFO:root:CREATE: name='Scented Soy Candles' description='Hand-poured candles made of natural soy wax.'
INFO:root:CREATE: name='Sustainable Wooden Toys' description='Eco-friendly toys for learning and imaginative play.'
INFO:root:CREATE: name='Wall-Mounted Spice Rack' description='Space-saving rack to store and organize spices conveniently.'
INFO:root:CREATE: name='Samsung Galaxy Smartwatch' description='Stylish smartwatch with fitness tracking and notifications.'
INFO:root:CREATE: name='Rice Cakes' description='Light and crispy rice cakes, a perfect low-calorie snack.'
INFO:root:CREATE: name='Vegetable Broth' description='Rich vegetable broth for soups and stews.'
INFO:root:CREATE: name='Grapes (red)' description='Fresh seedless red grapes, perfect for snacking.'
INFO:root:CREATE: name='Lentil Soup' description='Flavorful lentil soup, perfect for a quick meal.'
INFO:root:CREATE: name='Juice Extractor' description='Efficient juicer for fresh fruit and vegetable juices.'
INFO:root:CREATE: name='Frozen Hash Browns' description='Shredded potatoes, perfect for breakfasts.'
INFO:root:CREATE: name='Instant Read Meat Thermometer' description='Fast and accurate thermometer for grilling and cooking.'
INFO:root:CREATE: name='Over-Ear Headphones' description='Comfortable over-ear headphones with deep bass.'
INFO:root:CREATE: name='Whipped Cream Cheese' description='Light and fluffy cream cheese, perfect for bagels or cooking.'
INFO:root:CREATE: name='Garden Hoses with Expandable Features' description='Lightweight, expandable hoses for easy handling.'
INFO:root:CREATE: name='Pet Safety Belt for Car' description='Seat belt attachment to keep dogs safe during car rides.'
INFO:root:CREATE: name='Electric Griddle' description='Large electric griddle for family meals.'
INFO:root:CREATE: name='Lemon Garlic Shrimp' description='Marinated shrimp in a garlic and lemon sauce, perfect for grilling.'
INFO:root:CREATE: name='Kitchen Scale' description='Digital scale for precise cooking measurements.'
INFO:root:CREATE: name='LED Flashing Pet Collar' description='Safety collar with flashing lights for pets during night walks.'
INFO:root:CREATE: name='Spaghetti Squash' description='Low-carb vegetable for pasta alternatives.'
INFO:root:CREATE: name='High-Waisted Skirt' description='Chic high-waisted skirt, perfect for professional or casual settings.'
INFO:root:CREATE: name='Mediterranean Chickpea Salad' description='A refreshing salad with chickpeas, cucumber, tomatoes, and a light vinaigrette dressing.'
INFO:root:CREATE: name='Chocolate Chip Cookie Dough' description='Ready-to-bake cookie dough packed with chocolate chips.'
INFO:root:CREATE: name='Chipotle Sauce' description='Spicy sauce made with chipotle peppers'
INFO:root:CREATE: name='Insulated Cooler' description='Leak-proof cooler bag ideal for picnics and camping.'
INFO:root:CREATE: name='Dark Chocolate Covered Almonds' description='Roasted almonds dipped in rich dark chocolate.'
INFO:root:CREATE: name='Stainless Steel Cutlery Set' description='High-quality cutlery set for daily use or special occasions.'
INFO:root:CREATE: name='Organic Granola Cereal' description='Crunchy granola made with organic oats'
INFO:root:CREATE: name='Wine Glasses' description='Set of elegant wine glasses for special occasions.'
INFO:root:CREATE: name='Herbal Tea Set' description='Assorted herbal tea bags for relaxation and wellness.'
INFO:root:CREATE: name='Cucumber' description='Fresh and crunchy cucumbers, great for salads.'
INFO:root:CREATE: name='Chickpea Salad Deluxe' description='Chickpeas mixed with fresh vegetables and herbs, a nutritious snack or salad.'
INFO:root:CREATE: name='Fitness Jump Rope' description='Durable jump rope for cardio workouts.'
INFO:root:CREATE: name='Vacuum Sealer Machine' description='Seal food and maintain freshness longer.'
INFO:root:CREATE: name='Coconut Curry Lentils' description='Lentils cooked in a coconut curry for a hearty meal.'
INFO:root:CREATE: name='Honey Butter Popcorn' description='Light and fluffy popcorn coated in sweet honey butter.'
INFO:root:CREATE: name='Savory Oatmeal' description='Oatmeal made with savory spices and vegetables.'
INFO:root:CREATE: name='Cinnamon Raisin Bread' description='Sweet bread with cinnamon and raisins, great for breakfast or snacks.'
INFO:root:CREATE: name='Asian Noodle Salad Kit' description='A pre-packaged salad kit with noodles and Asian-style dressing.'
INFO:root:CREATE: name='Peanut Butter' description='Creamy and smooth peanut butter, perfect for sandwiches.'
INFO:root:CREATE: name='Camera Tripod' description='Sturdy camera tripod for professional photography.'
INFO:root:CREATE: name='Wireless Wi-Fi Extender' description='Boosts your Wi-Fi coverage for better connectivity.'
INFO:root:CREATE: name='Pet Bed' description='Comfortable pet bed for small to medium-sized dogs.'
INFO:root:CREATE: name='Pet Travel Backpack Carrier' description='Comfortable carry for pets while hiking or traveling.'
INFO:root:CREATE: name='Essential Oil Roller Bottles' description='Set of roller bottles for blending and applying essential oils.'
INFO:root:CREATE: name='Rainbow Veggie Chips' description='Colorful veggie chips made from beets, carrots, and sweet potatoes.'
INFO:root:CREATE: name='Lemon Herb Grilled Chicken' description='Tender grilled chicken marinated in lemon herbs.'
INFO:root:CREATE: name='Natural Fruit Snacks' description='Healthy fruit snacks, made with real fruit.'
INFO:root:CREATE: name='Spicy Thai Chili Sauce' description='A sweet and spicy sauce for dipping or cooking.'
INFO:root:CREATE: name='Herbal Garden Starter Kit' description='Indoor gardening kit with herbs and pots.'
INFO:root:CREATE: name='Tomato Basil Soup' description='A classic soup combining tomatoes and basil, great with grilled cheese sandwiches.'
INFO:root:CREATE: name='Portable Laptop Table' description='Foldable table for working with laptops anywhere.'
INFO:root:CREATE: name='Cucumber Lime Sparkling Water' description='Refreshing sparkling water with cucumber and lime flavor.'
INFO:root:CREATE: name='Blackberry Compote' description='Sweet blackberry compote, perfect for topping desserts.'
INFO:root:CREATE: name='Rice Noodles' description='Thin rice noodles, ideal for stir-fries and soups.'
INFO:root:CREATE: name='LED Strip Lights' description='Colorful LED strip lights for home decoration.'
INFO:root:CREATE: name='Cordless Electric Screwdriver' description='Rechargeable screwdriver with multiple bits for DIY projects.'
INFO:root:CREATE: name='LED Strip Lights Kit' description='DIY LED strip lights with remote control.'
INFO:root:CREATE: name='Rainbow Veggie Chips' description='Colorful veggie chips made from beets, carrots, and sweet potatoes.'
INFO:root:CREATE: name='Roasted Garlic Mashed Potatoes' description='Creamy mashed potatoes infused with roasted garlic flavor.'
INFO:root:CREATE: name='Truffle Parmesan Fries' description='Crispy fries tossed in truffle oil and parmesan, a gourmet snack.'
INFO:root:CREATE: name='Mango Chunks' description='Frozen mango chunks for smoothies or snacking.'
INFO:root:CREATE: name='Fitness Tracker Watch' description='Water-resistant activity tracker and smartwatch features.'
INFO:root:CREATE: name='Self-Stirring Mug' description='Automated stirring for your drinks with just a press of a button.'
INFO:root:CREATE: name='Turkey Bacon' description='Delicious turkey bacon, a healthier alternative.'
INFO:root:CREATE: name='Electric Razor' description='Rechargeable electric razor for a smooth shave.'
INFO:root:CREATE: name='Portable Grill Cover' description='Durable cover to protect your grill from the elements.'
INFO:root:CREATE: name='Nordic Berry Smoothie' description='Frozen smoothie blend with berries for a quick and healthy breakfast.'
INFO:root:CREATE: name='Almond Butter' description='Creamy almond butter made from roasted almonds.'
INFO:root:CREATE: name='Creamy Garlic Dressing' description='Rich and creamy dressing with garlic flavor, perfect for salads.'
INFO:root:CREATE: name='Laptop Stand' description='Adjustable laptop stand for better ergonomics.'
INFO:root:CREATE: name='Outdoor Camping Lantern' description='Rechargeable LED lantern ideal for camping and outdoor activities.'
INFO:root:CREATE: name='Sweet Potato and Chickpea Bowl' description='A nourishing bowl of sweet potatoes and chickpeas with spices.'
INFO:root:CREATE: name='Chickpeas' description='Canned chickpeas, perfect for hummus or salads.'
INFO:root:CREATE: name='Colorful Post-It Notes Set' description='Variety pack of sticky notes in different colors and sizes.'
INFO:root:CREATE: name='Chocolate Fudge Ice Cream' description='Rich and creamy chocolate fudge ice cream for dessert.'
INFO:root:CREATE: name='Insulated Lunch Box' description='Durable lunch box designed to keep food fresh and cool.'
INFO:root:CREATE: name="Kids' Crafting Station" description="Complete station with supplies for kids' art projects."
INFO:root:CREATE: name='Garlic Butter Shrimp' description='Frozen shrimp sautéed in garlic butter, ready to thaw and serve over pasta or rice.'
INFO:root:CREATE: name='Crispy Rice Treats' description='Classic marshmallow treats made with crispy rice.'
INFO:root:CREATE: name='Chocolate Chip Muffins' description='Fresh baked chocolate chip muffins for breakfast.'
INFO:root:CREATE: name='Weighted Jump Rope' description='Adjustable weighted jump rope for workouts.'
INFO:root:CREATE: name='Car Vacuum' description='Portable car vacuum cleaner with strong suction.'
INFO:root:CREATE: name='Wild Rice Pilaf' description='A mix of wild rice with herbs and spices, ready to serve.'
INFO:root:CREATE: name='Laptop Backpack' description='Water-resistant laptop backpack with multiple compartments.'
INFO:root:CREATE: name='Grilled Vegetable Medley' description='A mix of grilled vegetables, ready to heat for quick side dishes.'
INFO:root:CREATE: name='Mini Air Hockey Table' description='Fun tabletop air hockey for home or office.'
INFO:root:CREATE: name='Pineapple Coconut Rice Mix' description='A flavorful blend of rice with tropical pineapple and coconut flavors.'
INFO:root:CREATE: name='Sports Bottle' description='BPA-free sports bottle with flip-top lid.'
INFO:root:CREATE: name='Smart Thermostat' description='Wi-Fi enabled thermostat for energy-saving temperature control.'
INFO:root:CREATE: name='Grilled Vegetable Medley' description='A mix of grilled vegetables, ready to heat for quick side dishes.'
INFO:root:CREATE: name='Halloween Decoration Set' description='Fun decorations for Halloween to set a spooky atmosphere.'
INFO:root:CREATE: name='Pesto Pasta Salad' description='Cold pasta salad tossed with pesto and fresh vegetables.'
INFO:root:CREATE: name='Tomato Sauce' description='Rich and flavorful tomato sauce for pasta or pizza.'
INFO:root:CREATE: name='Ceramic Bakeware Set' description='Durable ceramic bakeware for casseroles and desserts.'
INFO:root:CREATE: name='Bamboo Cutting Board Set' description='Eco-friendly bamboo cutting boards in various sizes.'
INFO:root:CREATE: name='Honey Garlic Chicken' description='Tender chicken coated in a sweet and savory honey garlic sauce.'
INFO:root:CREATE: name='Smart LED Light Strip' description='Customizable RGB LED light strip, perfect for mood lighting.'
INFO:root:CREATE: name='High-Low Hem Tee' description='Trendy high-low tee with a relaxed fit, ideal for weekends.'
INFO:root:CREATE: name='Cheddar Cheese Crackers' description='Crunchy crackers topped with real cheddar cheese flavor.'
INFO:root:CREATE: name='Whole Chicken' description='A whole free-range chicken, ready for roasting.'
INFO:root:CREATE: name='Cilantro Lime Rice' description='Easy-to-prepare rice with cilantro and lime flavors, great as a side.'
INFO:root:CREATE: name='Utility Cargo Pants' description='Practical cargo pants with lots of pockets for functionality.'
INFO:root:CREATE: name='Garlic and Herb Cream Cheese' description='Spreadable cream cheese with garlic and herbs.'
INFO:root:CREATE: name='Deluxe First Aid Kit' description='Comprehensive first aid kit for home and travel.'
INFO:root:CREATE: name='Salsa Verde' description='Tangy green salsa made with tomatillos, perfect for tacos.'
INFO:root:CREATE: name="Kids' Building Blocks" description='Colorful building blocks for creative play.'
INFO:root:CREATE: name='LED Desk Lamp with USB Charging' description='Stylish desk lamp featuring a USB charging port.'
INFO:root:CREATE: name='Smart Home Hub' description='Connect and control smart devices from one app.'
INFO:root:CREATE: name='Classic Cheesecake Mix' description='A simple, no-bake cheesecake mix to create your own delicious cheesecake.'
INFO:root:CREATE: name='Maple Almond Butter' description='Creamy almond butter sweetened with maple syrup for a delicious spread.'
INFO:root:CREATE: name='Chickpea Salad Deluxe' description='Chickpeas mixed with fresh vegetables and herbs, a nutritious snack or salad.'
INFO:root:CREATE: name='Electric Rice Cooker' description='Multi-function rice cooker for all types of rice recipes.'
INFO:root:CREATE: name='Bodyweight Resistance Bands' description='Set of resistance bands for strength training at home.'
INFO:root:CREATE: name='Avocados' description='Fresh, creamy avocados ideal for salads and guacamole.'
INFO:root:CREATE: name='Cocktail Shaker and Mixing Glass Set' description='Complete set for mixing cocktails at home.'
INFO:root:CREATE: name='Sunflower Seeds' description='Salted sunflower seeds perfect for snacking.'
INFO:root:CREATE: name='Frozen Spinach' description='Chopped and frozen spinach, ideal for cooking and smoothies.'
INFO:root:CREATE: name='Cinnamon Sugar Donuts' description='Delicious mini donuts dusted with cinnamon sugar.'
INFO:root:CREATE: name='Maple Bacon Jerky' description='Savory bacon jerky coated with maple flavoring.'
INFO:root:CREATE: name='Casual Sneakers' description='Versatile canvas sneakers suitable for everyday wear with a comfortable fit.'
INFO:root:CREATE: name='Herb Garden Planter Box' description='Elevated planter box for growing herbs or small plants easily.'
INFO:root:CREATE: name='Raspberry Vanilla Greek Yogurt' description='Creamy Greek yogurt infused with raspberry and vanilla flavors.'
INFO:root:CREATE: name='Water Bottle' description='Insulated water bottle for keeping drinks cold.'
INFO:root:CREATE: name='Watering Can with Nozzle' description='Stylish watering can for plants with easy pouring nozzle.'
INFO:root:CREATE: name='Handmade Wooden Utensil Set' description='Unique handcrafted utensils for cooking and serving.'
INFO:root:CREATE: name='Herb Garlic Butter' description='A flavorful garlic butter blend, perfect for cooking or baking.'
INFO:root:CREATE: name='Buffalo Style Cauliflower Bites' description='Frozen cauliflower bites coated in spicy buffalo sauce, ready to bake and enjoy as an appetizer.'
INFO:root:CREATE: name='Artisan Bread Loaf' description='Fresh artisan bread, perfect for sandwiches'
INFO:root:CREATE: name='Whisk Set' description='Set of whisks in various sizes for cooking.'
INFO:root:CREATE: name='Rolling Cooler' description='Wheeled cooler for transporting drinks and snacks.'
INFO:root:CREATE: name="Wooden Children's Play Kitchen" description='Interactive kitchen set for imaginative play.'
INFO:root:CREATE: name='Sesame Oil' description='Nutty-scented oil for stir-fry and marinades.'
INFO:root:CREATE: name='Portable Air Purifier' description='Compact air purifier to improve indoor air quality.'
INFO:root:CREATE: name='Fettuccine Alfredo Dinner Kit' description='Easy meal kit for creamy fettuccine Alfredo.'
INFO:root:CREATE: name='Reusable Coffee Filter' description='Eco-friendly coffee filter for brewing.'
INFO:root:CREATE: name='Chickpea Salad Deluxe' description='Chickpeas mixed with fresh vegetables and herbs, a nutritious snack or salad.'
INFO:root:CREATE: name='Caramel Sauce' description='Rich sauce for desserts and ice cream.'
INFO:root:CREATE: name='Fruit Medley Juice' description='Refreshing juice blend made with various fresh fruits.'
INFO:root:CREATE: name='Chocolate Chip Cookie Dough' description='Ready-to-bake cookie dough packed with chocolate chips.'
INFO:root:CREATE: name='Face Mask Set' description='Set of five reusable fabric face masks.'
INFO:root:CREATE: name='Mediterranean Chickpea Salad' description='A refreshing salad with chickpeas, cucumber, tomatoes, and a light vinaigrette dressing.'
INFO:root:CREATE: name='Chocolate Mint Cookies' description='Delicious cookies with rich chocolate flavor and a hint of mint.'
INFO:root:CREATE: name='Honey Sesame Chicken' description='A delicious chicken dish featuring honey and sesame flavors.'
INFO:root:CREATE: name='Home Brewing Starter Kit' description='All-in-one kit for brewing beer at home.'
INFO:root:CREATE: name='Gardening Tool Belt' description='Convenient belt with pockets for easy access to tools while gardening.'
INFO:root:CREATE: name='Fashionable Belt Bag' description='Trendy belt bag for hands-free carrying.'
INFO:root:CREATE: name='Honey Graham Crackers' description='Sweet and crunchy honey-flavored graham crackers.'
INFO:root:CREATE: name='Organic Granola Cereal' description='Crunchy granola made with organic oats'
INFO:root:CREATE: name='Cordless Electric Screwdriver' description='Rechargeable screwdriver with multiple bits for DIY projects.'
INFO:root:CREATE: name='LED Christmas Tree Lights' description='String lights for decorating holiday trees.'
INFO:root:CREATE: name='Elegant Lace Dress' description='A stunning lace dress perfect for special occasions.'
INFO:root:CREATE: name='Whole Grain Cereal' description='Healthy whole grain cereal, great for breakfast.'
INFO:root:CREATE: name='Almond Joy Snack Bars' description='Chewy snack bars with coconut and almonds coated in chocolate.'
INFO:root:CREATE: name='Bamboo Utensil Set' description='Sustainable bamboo utensils for cooking and serving.'
INFO:root:CREATE: name='Soft Plush Throw Blanket' description='Cozy throw blanket perfect for chilly evenings.'
INFO:root:CREATE: name='Steak Seasoning Rub' description='A blend of spices perfect for seasoning steak.'
INFO:root:CREATE: name='Spicy Chicken Wings' description='Wide range of flavored wings, perfect for parties or casual snacking.'
INFO:root:CREATE: name='Multicolored LED Strip Lights' description='Flexible LED lights for creative home lighting designs.'
INFO:root:CREATE: name='Protein Powder' description='High-quality whey protein powder for muscle recovery.'
INFO:root:CREATE: name='Jasmine Rice' description='Fragrant jasmine rice, perfect as a side dish.'
INFO:root:CREATE: name='Vegetable Spring Rolls' description='Crispy spring rolls filled with vegetables'
INFO:root:CREATE: name='Adjustable Garden Rake' description='Heavy-duty rake with adjustable width for different gardening needs.'
INFO:root:CREATE: name='Portable Bluetooth Speaker' description='Compact Bluetooth speaker with rich sound quality.'
INFO:root:CREATE: name='Feta Cheese' description='Tangy feta cheese, perfect for salads and sandwiches.'
INFO:root:CREATE: name='Raisin Cinnamon Granola' description='Crunchy granola with raisins and cinnamon for a delightful breakfast.'
INFO:root:CREATE: name='Shatterproof Wine Glasses' description='Durable, unbreakable wine glasses for outdoor use.'
INFO:root:CREATE: name='Stainless Steel Mixing Bowls' description='Set of versatile mixing bowls for cooking.'
INFO:root:CREATE: name='Stainless Steel Travel Mug' description='Insulated mug to keep drinks hot on the go.'
INFO:root:CREATE: name='Spaghetti Squash' description='Low-carb vegetable for pasta alternatives.'
INFO:root:CREATE: name='Face Mask Set' description='Set of five reusable fabric face masks.'
INFO:root:CREATE: name='Drone' description='Beginner-friendly drone with HD camera.'
INFO:root:CREATE: name='Magnetic Spice Jars' description='Convenient magnetic jars for easy spice storage.'
INFO:root:CREATE: name='Pine Nuts' description='Nutty flavor perfect for pesto and salads.'
INFO:root:CREATE: name='Spicy Roasted Nuts' description='A mix of nuts roasted with spicy seasonings, perfect for snacking.'
INFO:root:CREATE: name='Organic Italian Seasoning' description='A blend of dried herbs commonly used in Italian cooking.'
INFO:root:CREATE: name='Honey BBQ Ribs' description='Tender ribs smothered in a honey barbecue sauce.'
INFO:root:CREATE: name='Instant Camera' description='Retro instant camera for capturing and printing photos instantly.'
INFO:root:CREATE: name='Coconut Oil Spray' description='A zero-calorie coconut oil spray for cooking and baking.'
INFO:root:CREATE: name='Wall Calendar' description='Beautiful wall calendar for organizing your schedule.'
INFO:root:CREATE: name='Greek Yogurt Parfait' description='Layered Greek yogurt with granola and mixed berries, ready to enjoy.'
INFO:root:CREATE: name='Caramel Sauce' description='Rich sauce for desserts and ice cream.'
INFO:root:CREATE: name='Organic Apples' description='Crisp and delicious organic apples.'
INFO:root:CREATE: name='Classic Black Trousers' description='Timeless black trousers for a smart and sophisticated look.'
INFO:root:CREATE: name='Pleated Midi Dress' description='A stylish midi dress with stylish pleats, suitable for any occasion.'
INFO:root:CREATE: name='Portable Speaker Stand' description='Adjustable stand for portable speakers and devices.'
INFO:root:CREATE: name='Honey Wheat Pretzels' description='Crunchy pretzel sticks made with honey and whole wheat.'
INFO:root:CREATE: name='Teriyaki Chicken Bowl' description='Ready-to-eat chicken bowl with teriyaki sauce and rice.'
INFO:root:CREATE: name='Home Brewing Starter Kit' description='All-in-one kit for brewing beer at home.'
INFO:root:CREATE: name='Dog Waste Bag Dispenser' description='Convenient dispenser for dog waste bags on walks.'
INFO:root:CREATE: name='Scented Candles' description='Set of three aromatic candles with various scents.'
INFO:root:CREATE: name='Pet Hair Removal Brush' description='Effective brush for removing loose hair from pets.'
INFO:root:CREATE: name='Self-Inflating Camping Mattress' description='Comfortable camping mattress that inflates automatically.'
INFO:root:CREATE: name='Fitness Tracker Watch' description='Water-resistant activity tracker and smartwatch features.'
INFO:root:CREATE: name='Smart LED Light Strip' description='Customizable RGB LED light strip, perfect for mood lighting.'
INFO:root:CREATE: name='Travel Document Organizer' description='Organize travel documents, passport, and cards.'
INFO:root:CREATE: name='Bamboo Toothbrush' description='Eco-friendly bamboo toothbrush for sustainable living.'
INFO:root:CREATE: name='Poppy Seed Dressing' description='A light and tangy dressing with poppy seeds, perfect for salads.'
INFO:root:CREATE: name='Hibiscus Herbal Tea' description='Floral and refreshing herbal tea, great hot or iced.'
INFO:root:CREATE: name='Personalized Pet ID Tags' description='Custom engraved ID tags for pets with your contact information.'
INFO:root:CREATE: name='LED Desk Lamp with USB Charging' description='Stylish desk lamp featuring a USB charging port.'
INFO:root:CREATE: name='Portable Massage Gun' description='Personal massager for muscle recovery.'
INFO:root:CREATE: name='Lemonade Mix' description='Sweetened powder for refreshing lemonade.'
INFO:root:CREATE: name='Coconut Yogurt' description='Creamy yogurt made from coconut milk, dairy-free and delicious.'
INFO:root:CREATE: name='Fruit and Nut Bars' description='Individually packaged bars made with dried fruits and nuts.'
INFO:root:CREATE: name='Key Finder' description='Bluetooth-enabled key tracker to find lost items easily.'
INFO:root:CREATE: name='Sweet Potatoes (organic)' description='Fresh organic sweet potatoes, great for roasting or mashing.'
INFO:root:CREATE: name='Organic Coconut Water' description='Refreshing coconut water packed with electrolytes for hydration.'
INFO:root:CREATE: name='Biodegradable Phone Case' description='Eco-friendly phone case designed to decompose safely.'
INFO:root:CREATE: name='Maple Almond Yogurt' description='Creamy yogurt made with maple and almond flavors.'
INFO:root:CREATE: name='Wireless Induction Charger' description='Qi-certified charger for fast wireless charging of smartphones.'
INFO:root:CREATE: name='Harvest Grain Salad' description='A hearty salad with grains, dried fruits, and nuts.'
INFO:root:CREATE: name='Buffalo Cauliflower Wings' description='Crispy cauliflower bites tossed in spicy buffalo sauce.'
INFO:root:CREATE: name='Robot Vacuum Cleaner' description='Smart robotic vacuum for automatic cleaning.'
INFO:root:CREATE: name='Mini Indoor Herb Garden Kit' description='All-in-one kit for growing herbs in your kitchen.'
INFO:root:CREATE: name='Organic Coconut Water' description='Refreshing coconut water packed with electrolytes for hydration.'
INFO:root:CREATE: name='Chickpea Flour' description='Gluten-free flour made from ground chickpeas, great for cooking.'
INFO:root:CREATE: name='Turkey Bacon' description='Delicious turkey bacon, a healthier alternative.'
INFO:root:CREATE: name='Magnetic Puzzle Board' description='Magnetic puzzle assembly board for kids.'
INFO:root:CREATE: name='Pet Safety Harness' description='Comfortable harness designed to keep pets safe in the car.'
INFO:root:CREATE: name='Oven-Baked Potato Chips' description='Light and crispy baked potato chips in assorted flavors.'
INFO:root:CREATE: name='Artisan Bread Loaf' description='Fresh artisan bread, perfect for sandwiches'
INFO:root:CREATE: name='Automatic Pet Feeder' description='Programmable pet feeder for scheduled meals.'
INFO:root:CREATE: name='Luxury Bathrobe' description='Soft and cozy bathrobe perfect for relaxing at home.'
INFO:root:CREATE: name='Luxury Bath Robe' description='Soft and plush robe for comfort after the shower.'
INFO:root:CREATE: name='Garden Vegetable Chips' description='Crispy chips made from assorted garden vegetables, lightly salted.'
INFO:root:CREATE: name='Electric Kettle' description='Rapid boil electric kettle with temperature control.'
INFO:root:CREATE: name='Ergonomic Gaming Chair' description='Comfortable gaming chair for long hours of play.'
INFO:root:CREATE: name='Lentil Vegetable Curry' description='A flavorful lentil curry cooked with vegetables and spices.'
INFO:root:CREATE: name='Electric Egg Cooker' description='Automatically cooks eggs to your desired level.'
INFO:root:CREATE: name='Portable Air Compressor' description='Compact air compressor for inflating tires and sports equipment.'
INFO:root:CREATE: name='Electronic Drum Kit' description='Compact electronic drum kit for musicians of all levels.'
INFO:root:CREATE: name='Almond Flour Brownies' description='Deliciously rich brownies made with almond flour.'
INFO:root:CREATE: name='Coconut Oil Spray' description='A zero-calorie coconut oil spray for cooking and baking.'
INFO:root:CREATE: name='Ginger Snaps' description='Spicy ginger cookies that are crunchy and delicious.'
INFO:root:CREATE: name='Pumpkin Spice Cookies' description='Delicious cookies flavored with pumpkin and spices.'
INFO:root:CREATE: name='Bicycle Lock' description='Heavy-duty bicycle lock for security.'
INFO:root:CREATE: name='Electric Griddle' description='Large electric griddle for family meals.'
INFO:root:CREATE: name="Kids' Trampoline" description='Safe and fun trampoline for children.'
INFO:root:CREATE: name='Herbed Couscous' description='Quick-cooking couscous flavored with herbs and spices.'
INFO:root:CREATE: name='Creamy Avocado Dip' description='Rich and creamy dip made with real avocado, great for chips.'
INFO:root:CREATE: name='Mechanical Pencil Set' description='Precision pencils for drawing, sketching, and writing.'
INFO:root:CREATE: name='Instant Mashed Potatoes' description='Quick and easy side dish with buttery flavor.'
INFO:root:CREATE: name='Savory Mushroom Risotto' description='Creamy risotto infused with wild mushrooms.'
INFO:root:CREATE: name='Nail Polish Set' description='Assorted nail polish set for vibrant nails.'
INFO:root:CREATE: name='Personal Blender with Travel Cup' description='Blender for smoothies with a portable cup.'
INFO:root:CREATE: name='Mango Chili Salsa' description='A sweet and spicy salsa made with mangoes and a hint of chili, great with chips or grilled chicken.'
INFO:root:CREATE: name='Ramen Noodle Soup Cups' description='Instant ramen cups with flavor-packed broth.'
INFO:root:CREATE: name='Insulated Sport Tumbler' description='Vacuum-insulated tumbler for beverages on the go.'
INFO:root:CREATE: name='Veggie Burger Patties' description='Delicious veggie burger patties for grilling or frying.'
INFO:root:CREATE: name='Nut Butter Cups' description='Delicious dark chocolate with creamy nut butter inside.'
INFO:root:CREATE: name='Maple Almond Granola' description='Crunchy granola with maple flavor and almond pieces for breakfast.'
INFO:root:CREATE: name='Sliced Strawberries' description='Fresh sliced strawberries for toppings or snacking'
INFO:root:CREATE: name='BBQ Lentil Chips' description='Savory lentil chips with BBQ flavor'
INFO:root:CREATE: name='Outdoor Picnic Blanket' description='Water-resistant blanket for picnics and outdoor events.'
INFO:root:CREATE: name='Stylish Combat Boots' description='Bold combat boots that make a statement with any outfit.'
INFO:root:CREATE: name='Portable Refrigerator Freezer' description='Compact fridge ideal for camping and road trips.'
INFO:root:CREATE: name='Chocolate Protein Powder' description='Rich chocolate protein powder for smoothies and baking.'
INFO:root:CREATE: name='Sesame Garlic Noodles' description='Delicious noodles tossed in a sesamegarlic sauce.'
INFO:root:CREATE: name='Whole Grain Cereal' description='Healthy whole grain cereal, great for breakfast.'
INFO:root:CREATE: name='Electric Wax Warmer' description='Wax warmer for creating a soothing atmosphere with fragrances.'
INFO:root:CREATE: name='Outdoor String Lights' description='Fairy lights perfect for decorating patios and backyards.'
INFO:root:CREATE: name='Crispy Onion Rings' description='Frozen onion rings, crispy and ready to bake.'
INFO:root:CREATE: name='Microfiber Cleaning Cloths' description='Pack of ultra-soft microfiber cloths for cleaning.'
INFO:root:CREATE: name='Blender Bottle' description='Portable mixer bottle for smoothies and protein shakes.'
INFO:root:CREATE: name='Siphon Coffee Maker' description='Unique coffee brewing method for a flavorful experience.'
INFO:root:CREATE: name='Marinara Sauce' description='Classic marinara sauce for all pasta dishes.'
INFO:root:CREATE: name='Basil-infused Olive Oil' description='Extra virgin olive oil infused with fresh basil.'
INFO:root:CREATE: name='Digital Kitchen Timer' description='Easy-to-read digital kitchen timer with alarms.'
INFO:root:CREATE: name='Stainless Steel Cutlery Set' description='High-quality cutlery set for daily use or special occasions.'
INFO:root:CREATE: name='Honey-Balsamic Vinaigrette' description='A sweet and tangy vinaigrette dressing for salads.'
INFO:root:CREATE: name='Pet Travel Bowl' description='Collapsible travel bowl for pets on the go.'
INFO:root:CREATE: name='Camping Tarp' description='Durable tarp for outdoor camping and protection.'
INFO:root:CREATE: name='Ceramic Bakeware Set' description='Durable ceramic bakeware for casseroles and desserts.'
INFO:root:CREATE: name='Car Vacuum' description='Portable car vacuum cleaner with strong suction.'
INFO:root:CREATE: name='Creamy Coleslaw Mix' description='Shredded cabbage and carrots for coleslaw.'
INFO:root:CREATE: name='Creamy Tomato Basil Soup' description='Rich and creamy tomato basil soup, perfect with a grilled cheese.'
INFO:root:CREATE: name='Car Diagnostic Scanner' description='Tool to check car engine codes and performance issues.'
INFO:root:CREATE: name='Electric Skillet' description='Versatile electric skillet for stir-frying and searing.'
INFO:root:CREATE: name='Vegetarian Sausage Links' description='Plant-based sausage links with spices and herbs.'
INFO:root:CREATE: name='Digital Alarm Clock' description='Snooze function and LED display for easy reading.'
INFO:root:CREATE: name='Honey Nut Cheerios' description='Classic cereal made with whole grains and honey.'
INFO:root:CREATE: name='Raspberry Lemonade Mix' description='A refreshing drink mix that combines sweet raspberries and tart lemons, perfect for summer.'
INFO:root:CREATE: name='Multifunctional Pocket Tool' description='Compact pocket tool with various built-in functions.'
INFO:root:CREATE: name='Camping Tent' description='Spacious 2-person camping tent with waterproof cover.'
INFO:root:CREATE: name='Smartphone Projector Kit' description='DIY kit to convert your smartphone into a mini projector.'
INFO:root:CREATE: name='Reusable Produce Bags Set' description='Eco-friendly mesh bags for shopping produce at the market.'
INFO:root:CREATE: name='Classic Black Trousers' description='Timeless black trousers for a smart and sophisticated look.'
INFO:root:CREATE: name='Artisan Flatbreads' description='Thin and crispy flatbreads, perfect for dips.'
INFO:root:CREATE: name='Vegan Caesar Dressing' description='Creamy vegan dressing made with cashews, perfect for salads.'
INFO:root:CREATE: name='Pineapple Rings' description='Delicious canned pineapple rings for desserts or salads.'
INFO:root:CREATE: name='Dark Chocolate Covered Pretzels' description='Crunchy pretzels dipped in rich dark chocolate.'
INFO:root:CREATE: name='Interactive Robot Toy' description='Fun robot that engages kids with games and activities.'
INFO:root:CREATE: name='Honey mustard chicken tenders' description='Golden crispy chicken tenders coated with honey mustard flavor.'
INFO:root:CREATE: name='Chocolate Chip Cliff Bars' description='Nutritious energy bars packed with chocolate chips.'
INFO:root:CREATE: name='Trail Mix (Deluxe)' description='A delightful mix of nuts, fruit, and chocolate.'
INFO:root:CREATE: name='Cereal Dispenser with Portion Control' description='Maintain freshness and dispense cereal easily.'
INFO:root:CREATE: name='Window A/C Unit' description='Energy-efficient window air conditioner for cooling.'
INFO:root:CREATE: name='Savory Pumpkin Soup' description='Creamy pumpkin soup with spices'
INFO:root:CREATE: name='Sweet Chili Dipping Sauce' description='A sweet and spicy sauce ideal for spring rolls or chicken nuggets.'
INFO:root:CREATE: name='Honey Mustard Chicken Breasts' description='Marinated chicken breasts coated in a sweet honey mustard glaze.'
INFO:root:CREATE: name='Self-Cleaning Water Bottle' description='Water bottle with built-in UV-C light for self-cleaning.'
INFO:root:CREATE: name='Garden Tool Belt' description='Handy belt for carrying garden tools while working.'
INFO:root:CREATE: name='Coconut Granola' description='Crunchy granola mixed with coconut flakes.'
INFO:root:CREATE: name='Organic Granola Cereal' description='Crunchy granola made with organic oats'
INFO:root:CREATE: name='Balsamic Glaze' description='Sweet and tangy balsamic reduction for drizzling.'
INFO:root:CREATE: name='Classic Pumps' description='Elegant classic pumps that add sophistication to any outfit.'
INFO:root:CREATE: name='Non-Stick Grill Pan' description='Heavy-duty grill pan for indoor grilling.'
INFO:root:CREATE: name='Nature Explorer Lens Kit' description='Magical lens kit for kids to explore the outdoors.'
INFO:root:CREATE: name='Ground Turkey' description='Lean and versatile ground turkey, perfect for various dishes.'
INFO:root:CREATE: name='Coconut Curry Chicken' description='Tender chicken cooked in a rich coconut curry sauce, ready to heat and serve.'
INFO:root:CREATE: name='Skincare Fridge' description='Small fridge designed to keep skincare products cool and fresh.'
INFO:root:CREATE: name='Survival Gear Kit' description='Essential survival gear kit for emergencies.'
INFO:root:CREATE: name='Mint Chocolate Chip Ice Cream' description='Creamy ice cream with refreshing mint flavor and chocolate chips.'
INFO:root:CREATE: name='High-Waisted Skirt' description='Chic high-waisted skirt, perfect for professional or casual settings.'
INFO:root:CREATE: name='Portable Charcoal Grill' description='Compact charcoal grill perfect for tailgating.'
INFO:root:CREATE: name='Customizable Wall Calendar' description='Personalize your calendar with photos and special dates.'
INFO:root:CREATE: name='Natural Peanut Butter' description='Creamy peanut butter with no added sugar or oils.'
INFO:root:CREATE: name='Frozen Spinach' description='Chopped and frozen spinach, ideal for cooking and smoothies.'
INFO:root:CREATE: name='Electric Air Pump' description='Fast and convenient air pump for inflating toys and furniture.'
INFO:root:CREATE: name='Garlic & Herb Goat Cheese' description='Creamy goat cheese infused with herbs and garlic, perfect for spreading on crackers.'
INFO:root:CREATE: name='Vegetable Quinoa Bowl' description='A frozen meal featuring quinoa and mixed vegetables, ready to heat and eat.'
INFO:root:CREATE: name='Yoga Wheel' description='Supportive yoga wheel for deep stretching and balance.'
INFO:root:CREATE: name='Wine Glasses' description='Set of elegant wine glasses for special occasions.'
INFO:root:CREATE: name='Oven Mitts with Pocket' description='Silicone oven mitts designed for safe cooking and baking.'
INFO:root:CREATE: name='Organic Baby Carrots' description='Fresh and crunchy baby carrots ready for snacking.'
INFO:root:CREATE: name='Chicken Salad Kit' description='All-in-one kit for making delicious chicken salad.'
INFO:root:CREATE: name='Bamboo Utensil Set' description='Sustainable bamboo utensils for cooking and serving.'
INFO:root:CREATE: name='Reusable Coffee Filter' description='Eco-friendly coffee filter for brewing.'
INFO:root:CREATE: name='Reusable Snack Bags' description='Eco-friendly reusable bags for snacks.'
INFO:root:CREATE: name='Pasta Maker Machine' description='Manual pasta maker for creating fresh pasta at home.'
INFO:root:CREATE: name='Smart LED Light Strip' description='Customizable RGB LED light strip, perfect for mood lighting.'
INFO:root:CREATE: name='Peach Mango Smoothie' description='A refreshing blend of peaches and mangoes for a delicious smoothie.'
INFO:root:CREATE: name='Organic Baby Spinach' description='Fresh baby spinach leaves, great for salads and smoothies.'
INFO:root:CREATE: name='Portable Speakers' description='Bluetooth speakers with excellent sound quality.'
INFO:root:CREATE: name='Coffee Making Kit' description='Complete set to brew coffee with different methods.'
INFO:root:CREATE: name='Fitness Tracker Band' description='Affordable fitness tracker with heart rate monitor.'
INFO:root:CREATE: name='Ginger Turmeric Latte Mix' description='A warming blend of ginger and turmeric for lattes.'
INFO:root:CREATE: name='Laptop Sleeve' description='Padded laptop sleeve for protection against scratches.'
INFO:root:CREATE: name='Dark Chocolate Tart' description='Decadent tart made with rich dark chocolate.'
INFO:root:CREATE: name='Coconut Cream Pie Yogurt' description='Yogurt with the flavors of coconut cream pie, nice and indulgent.'
INFO:root:CREATE: name='Mobile Workbench' description='Sturdy mobile workbench with storage options.'
INFO:root:CREATE: name='High-Waisted Skirt' description='Chic high-waisted skirt, perfect for professional or casual settings.'
INFO:root:CREATE: name='Chicken Salad Kit' description='All-in-one kit for making delicious chicken salad.'
INFO:root:CREATE: name='Ski Goggles' description='Anti-fog ski goggles for winter sports.'
INFO:root:CREATE: name='Mini Electric Kettle' description='Quick boiling kettle for small kitchens and dorms.'
INFO:root:CREATE: name='Balsamic Glaze' description='Sweet and tangy balsamic reduction for drizzling.'
INFO:root:CREATE: name='Crispy Kale Chips' description='Baked kale chips seasoned for a healthy, crunchy snack.'
INFO:root:CREATE: name='Multifunctional Baby Bottle Warmer' description='Warmer for heating baby bottles and food jars.'
INFO:root:CREATE: name='Cotton Pajama Set' description='Soft cotton pajama set for cozy nights in.'
INFO:root:CREATE: name='Fitness Resistance Bands Set' description='Variety of bands suitable for all fitness levels.'
INFO:root:CREATE: name='Vegan Taco Seasoning' description='Spice blend for creating flavorful vegan taco filling.'
INFO:root:CREATE: name='Herbed Goat Cheese' description='Tangy goat cheese infused with herbs, perfect for snacking.'
INFO:root:CREATE: name='Sporty Cap' description='Stylish cap to complete your athletic look.'
INFO:root:CREATE: name='Magnetic Phone Car Mount' description='Strong magnetic holder for smartphones in cars.'
INFO:root:CREATE: name='Beach Cover-Up' description='Lightweight cover-up perfect for the beach, with a breezy design.'
INFO:root:CREATE: name='Almond Butter' description='Creamy almond butter made from roasted almonds.'
INFO:root:CREATE: name='Honey Sesame Cashews' description='Roasted cashews coated in honey and sesame seeds for a sweet treat.'
INFO:root:CREATE: name='Crispy Onion Rings' description='Frozen onion rings, crispy and ready to bake.'
INFO:root:CREATE: name='Whole Wheat Pasta' description='Nutritious and hearty pasta made from whole wheat flour.'
INFO:root:CREATE: name='Fire Roasted Salsa' description='Salsa made with fire-roasted tomatoes for an authentic flavor.'
INFO:root:CREATE: name='Sunflower Seeds' description='Salted sunflower seeds perfect for snacking.'
INFO:root:CREATE: name='Home Delivery Food Journal' description='Track your meals and nutrition with this handy food journal.'
INFO:root:CREATE: name='Teriyaki Sauce' description='Sweet and savory sauce for marinating and glazing meats or vegetables.'
INFO:root:CREATE: name='Pet Travel Bowl' description='Collapsible travel bowl for pets on the go.'
INFO:root:CREATE: name='Magnetic Phone Car Mount' description='Strong magnetic holder for smartphones in cars.'
INFO:root:CREATE: name='Organic Quinoa Salad' description='A refreshing salad made with quinoa and seasonal veggies.'
INFO:root:CREATE: name='Oven-Baked Parmesan Zucchini' description='Frozen zucchini slices coated in parmesan cheese, perfect for baking or frying.'
INFO:root:CREATE: name='Portable Solar Camp Shower' description='Portable solar shower for camping and outdoor use.'
INFO:root:CREATE: name='Portable Hand Warmer' description='Rechargeable hand warmer for cold weather comfort.'
INFO:root:CREATE: name='Set of Herb Garden Markers' description='Stylish markers for labeling your indoor garden plants.'
INFO:root:CREATE: name='Picnic Blanket' description='Waterproof picnic blanket for outdoor fun.'
INFO:root:CREATE: name='Classic Cheesecake Mix' description='A simple, no-bake cheesecake mix to create your own delicious cheesecake.'
INFO:root:CREATE: name='Paprika' description='Rich and sweet paprika spice for seasoning.'
INFO:root:GET: [<models.Item object at 0x000002ACF5443020>, <models.Item object at 0x000002ACF54415B0>, <models.Item object at 0x000002ACF5442420>, <models.Item object at 0x000002ACF53CAD50>, <models.Item object at 0x000002ACF53C8EC0>, <models.Item object at 0x000002ACF53CA870>, <models.Item object at 0x000002ACF53CAC60>, <models.Item object at 0x000002ACF53C9BE0>, <models.Item object at 0x000002ACF53CAF30>, <models.Item object at 0x000002ACF53C9AF0>, <models.Item object at 0x000002ACF53C9280>, <models.Item object at 0x000002ACF53C9550>, <models.Item object at 0x000002ACF53CBBC0>, <models.Item object at 0x000002ACF53CAF60>, <models.Item object at 0x000002ACF53CB680>, <models.Item object at 0x000002ACF53CA2A0>, <models.Item object at 0x000002ACF53C97F0>, <models.Item object at 0x000002ACF53C9490>, <models.Item object at 0x000002ACF53CA570>, <models.Item object at 0x000002ACF53CBF50>, <models.Item object at 0x000002ACF53CA3F0>, <models.Item object at 0x000002ACF53CBDD0>, <models.Item object at 0x000002ACF53C99A0>, <models.Item object at 0x000002ACF53C9340>, <models.Item object at 0x000002ACF53CBA40>, <models.Item object at 0x000002ACF53CADE0>, <models.Item object at 0x000002ACF53CBEF0>, <models.Item object at 0x000002ACF53C9A30>, <models.Item object at 0x000002ACF53C9D90>, <models.Item object at 0x000002ACF53C8C20>, <models.Item object at 0x000002ACF53CACF0>, <models.Item object at 0x000002ACF53C8AD0>, <models.Item object at 0x000002ACF53C8A70>, <models.Item object at 0x000002ACF53C92E0>, <models.Item object at 0x000002ACF53CB1A0>, <models.Item object at 0x000002ACF53CBAD0>, <models.Item object at 0x000002ACF53C8770>, <models.Item object at 0x000002ACF53CB830>, <models.Item object at 0x000002ACF53CAE40>, <models.Item object at 0x000002ACF53CBF80>, <models.Item object at 0x000002ACF53CB1D0>, <models.Item object at 0x000002ACF53C9B80>, <models.Item object at 0x000002ACF53CA240>, <models.Item object at 0x000002ACF53CB3E0>, <models.Item object at 0x000002ACF53CB380>, <models.Item object at 0x000002ACF53CA330>, <models.Item object at 0x000002ACF53CA210>, <models.Item object at 0x000002ACF53C8530>, <models.Item object at 0x000002ACF53CACC0>, <models.Item object at 0x000002ACF53C9940>, <models.Item object at 0x000002ACF53C8BC0>, <models.Item object at 0x000002ACF53CAB70>, <models.Item object at 0x000002ACF53C9460>, <models.Item object at 0x000002ACF53C9520>, <models.Item object at 0x000002ACF53C8BF0>, <models.Item object at 0x000002ACF53CA600>, <models.Item object at 0x000002ACF53C9FA0>, <models.Item object at 0x000002ACF5021040>, <models.Item object at 0x000002ACF50221B0>, <models.Item object at 0x000002ACF5022690>, <models.Item object at 0x000002ACF50225D0>, <models.Item object at 0x000002ACF5021640>, <models.Item object at 0x000002ACF5021670>, <models.Item object at 0x000002ACF50215B0>, <models.Item object at 0x000002ACF50218B0>, <models.Item object at 0x000002ACF50216D0>, <models.Item object at 0x000002ACF5021580>, <models.Item object at 0x000002ACF5021850>, <models.Item object at 0x000002ACF5021790>, <models.Item object at 0x000002ACF5021400>, <models.Item object at 0x000002ACF5022330>, <models.Item object at 0x000002ACF5021460>, <models.Item object at 0x000002ACF5021DC0>, <models.Item object at 0x000002ACF5021E20>, <models.Item object at 0x000002ACF5021550>, <models.Item object at 0x000002ACF50227B0>, <models.Item object at 0x000002ACF50215E0>, <models.Item object at 0x000002ACF5021520>, <models.Item object at 0x000002ACF5021610>, <models.Item object at 0x000002ACF5021C70>, <models.Item object at 0x000002ACF50216A0>, <models.Item object at 0x000002ACF5021430>, <models.Item object at 0x000002ACF50214F0>, <models.Item object at 0x000002ACF5021AC0>, <models.Item object at 0x000002ACF5021BB0>, <models.Item object at 0x000002ACF5021700>, <models.Item object at 0x000002ACF5020D10>, <models.Item object at 0x000002ACF50217F0>, <models.Item object at 0x000002ACF5021490>, <models.Item object at 0x000002ACF53D4050>, <models.Item object at 0x000002ACF53D40B0>, <models.Item object at 0x000002ACF53D4080>, <models.Item object at 0x000002ACF53D4950>, <models.Item object at 0x000002ACF53D43E0>, <models.Item object at 0x000002ACF53D5940>, <models.Item object at 0x000002ACF53D5100>, <models.Item object at 0x000002ACF53D4410>, <models.Item object at 0x000002ACF53D5520>, <models.Item object at 0x000002ACF53D4170>, <models.Item object at 0x000002ACF53D58B0>]
INFO:root:GET: [<models.Item object at 0x000002ACF53CAC60>, <models.Item object at 0x000002ACF53C9BE0>, <models.Item object at 0x000002ACF53CAF30>, <models.Item object at 0x000002ACF53C9AF0>, <models.Item object at 0x000002ACF53C9280>, <models.Item object at 0x000002ACF53C9550>, <models.Item object at 0x000002ACF53CBBC0>, <models.Item object at 0x000002ACF53CAF60>, <models.Item object at 0x000002ACF53CB680>, <models.Item object at 0x000002ACF53CA2A0>, <models.Item object at 0x000002ACF53C97F0>, <models.Item object at 0x000002ACF53C9490>, <models.Item object at 0x000002ACF53CA570>, <models.Item object at 0x000002ACF53CBF50>, <models.Item object at 0x000002ACF53CA3F0>, <models.Item object at 0x000002ACF53CBDD0>, <models.Item object at 0x000002ACF53C99A0>, <models.Item object at 0x000002ACF53C9340>, <models.Item object at 0x000002ACF53CBA40>, <models.Item object at 0x000002ACF53CADE0>, <models.Item object at 0x000002ACF53CBEF0>, <models.Item object at 0x000002ACF53C9A30>, <models.Item object at 0x000002ACF53C9D90>, <models.Item object at 0x000002ACF53C8C20>, <models.Item object at 0x000002ACF53CACF0>, <models.Item object at 0x000002ACF53C8AD0>, <models.Item object at 0x000002ACF53C8A70>, <models.Item object at 0x000002ACF53C92E0>, <models.Item object at 0x000002ACF53CB1A0>, <models.Item object at 0x000002ACF53CBAD0>, <models.Item object at 0x000002ACF53C8770>, <models.Item object at 0x000002ACF53CB830>, <models.Item object at 0x000002ACF53CAE40>, <models.Item object at 0x000002ACF53CBF80>, <models.Item object at 0x000002ACF53CB1D0>, <models.Item object at 0x000002ACF53C9B80>, <models.Item object at 0x000002ACF53CA240>, <models.Item object at 0x000002ACF53CB3E0>, <models.Item object at 0x000002ACF53CB380>, <models.Item object at 0x000002ACF53CA330>, <models.Item object at 0x000002ACF53CA210>, <models.Item object at 0x000002ACF53C8530>, <models.Item object at 0x000002ACF53CACC0>, <models.Item object at 0x000002ACF53C9940>, <models.Item object at 0x000002ACF53C8BC0>, <models.Item object at 0x000002ACF53CAB70>, <models.Item object at 0x000002ACF53C9460>, <models.Item object at 0x000002ACF53C9520>, <models.Item object at 0x000002ACF53C8BF0>, <models.Item object at 0x000002ACF53CA600>, <models.Item object at 0x000002ACF53C9FA0>, <models.Item object at 0x000002ACF5021040>, <models.Item object at 0x000002ACF50221B0>, <models.Item object at 0x000002ACF5022690>, <models.Item object at 0x000002ACF50225D0>, <models.Item object at 0x000002ACF5021640>, <models.Item object at 0x000002ACF5021670>, <models.Item object at 0x000002ACF50215B0>, <models.Item object at 0x000002ACF50218B0>, <models.Item object at 0x000002ACF50216D0>, <models.Item object at 0x000002ACF5021580>, <models.Item object at 0x000002ACF5021850>, <models.Item object at 0x000002ACF5021790>, <models.Item object at 0x000002ACF5021400>, <models.Item object at 0x000002ACF5022330>, <models.Item object at 0x000002ACF5021460>, <models.Item object at 0x000002ACF5021DC0>, <models.Item object at 0x000002ACF5021E20>, <models.Item object at 0x000002ACF5021550>, <models.Item object at 0x000002ACF50227B0>, <models.Item object at 0x000002ACF50215E0>, <models.Item object at 0x000002ACF5021520>, <models.Item object at 0x000002ACF5021610>, <models.Item object at 0x000002ACF5021C70>, <models.Item object at 0x000002ACF50216A0>, <models.Item object at 0x000002ACF5021430>, <models.Item object at 0x000002ACF50214F0>, <models.Item object at 0x000002ACF5021AC0>, <models.Item object at 0x000002ACF5021BB0>, <models.Item object at 0x000002ACF5021700>, <models.Item object at 0x000002ACF5020D10>, <models.Item object at 0x000002ACF50217F0>, <models.Item object at 0x000002ACF5021490>, <models.Item object at 0x000002ACF53B2BA0>, <models.Item object at 0x000002ACF53B1A30>, <models.Item object at 0x000002ACF53B1FA0>, <models.Item object at 0x000002ACF53B0C20>, <models.Item object at 0x000002ACF53B0AA0>, <models.Item object at 0x000002ACF53D4710>, <models.Item object at 0x000002ACF53D4AA0>, <models.Item object at 0x000002ACF53D42F0>, <models.Item object at 0x000002ACF53D41D0>, <models.Item object at 0x000002ACF53D5250>, <models.Item object at 0x000002ACF53D58E0>, <models.Item object at 0x000002ACF53D5910>, <models.Item object at 0x000002ACF53D43B0>, <models.Item object at 0x000002ACF53D4FB0>, <models.Item object at 0x000002ACF53D5E50>, <models.Item object at 0x000002ACF53D5280>, <models.Item object at 0x000002ACF53D54C0>]
INFO:root:CREATE: name='Natural Soy Candles' description='Eco-friendly soy candles with a variety of scents.'
INFO:root:CREATE: name='Jigsaw Puzzle' description='500-piece jigsaw puzzle featuring beautiful scenery.'
INFO:root:CREATE: name='Gluten-Free Biscuits' description='Fluffy biscuits made without gluten'
INFO:root:CREATE: name='Cinnamon Ice Cream' description='Creamy ice cream with a warm cinnamon flavor, perfect for dessert.'
INFO:root:CREATE: name='Honey Butter Popcorn' description='Light and fluffy popcorn coated in sweet honey butter.'
INFO:root:CREATE: name='Video Camera' description='1080p HD video camera with night vision.'
INFO:root:CREATE: name='Herb Drying Rack' description='Mesh drying rack for preserving herbs and flowers.'
INFO:root:CREATE: name='Chickpea Salad' description='A ready-to-eat salad made with chickpeas and veggies.'
INFO:root:CREATE: name='Cinnamon Sugar Tortilla Chips' description='Crispy chips with a sweet twist, perfect for dipping.'
INFO:root:CREATE: name='Apple Cinnamon Granola' description='A wholesome granola with bits of apple and a touch of cinnamon.'
INFO:root:CREATE: name='Two-Tier Fruit Basket' description='Stylish fruit basket for kitchen or dining room.'
INFO:root:CREATE: name='Spinach Artichoke Dip' description='A delicious creamy dip featuring spinach and artichokes, perfect for parties.'
INFO:root:CREATE: name='Lemon Herb Chicken' description='Marinated chicken grilled with lemon and herbs.'
INFO:root:CREATE: name='Microfiber Cleaning Cloths' description='Pack of ultra-soft microfiber cloths for cleaning.'
INFO:root:CREATE: name='Peanut Butter Banana Smoothie Mix' description='Smoothie mix combining peanut butter and banana, great for a quick breakfast.'
INFO:root:CREATE: name='Wireless Induction Charger' description='Qi-certified charger for fast wireless charging of smartphones.'
INFO:root:CREATE: name='Key Finder' description='Bluetooth-enabled key tracker to find lost items easily.'
INFO:root:CREATE: name='Chili Lime Corn Chips' description='Crunchy corn chips flavored with chili and lime for a zesty kick.'
INFO:root:CREATE: name='Dog Collar' description='Adjustable dog collar with personalized tags.'
INFO:root:CREATE: name='Almond Milk Yogurt' description='Creamy yogurt made from almond milk, vegan-friendly.'
INFO:root:CREATE: name='Glass Tea Pot' description='Elegant glass teapot for brewing loose tea.'
INFO:root:CREATE: name='Hibiscus Herbal Tea' description='Floral and refreshing herbal tea, great hot or iced.'
INFO:root:CREATE: name='Steak Seasoning Rub' description='A blend of spices perfect for seasoning steak.'
INFO:root:CREATE: name='Wireless Earbuds' description='True wireless earbuds with touch control.'
INFO:root:GET: [<models.Item object at 0x000002ACF53CB0B0>, <models.Item object at 0x000002ACF53C9010>, <models.Item object at 0x000002ACF53C90D0>, <models.Item object at 0x000002ACF53CB860>, <models.Item object at 0x000002ACF53C9100>, <models.Item object at 0x000002ACF53C9E80>, <models.Item object at 0x000002ACF53CA330>, <models.Item object at 0x000002ACF53CA210>, <models.Item object at 0x000002ACF53C8A70>, <models.Item object at 0x000002ACF53C8B90>, <models.Item object at 0x000002ACF53CAC30>, <models.Item object at 0x000002ACF53CA2A0>, <models.Item object at 0x000002ACF53C8530>, <models.Item object at 0x000002ACF53C9250>, <models.Item object at 0x000002ACF53C8830>, <models.Item object at 0x000002ACF53C9340>, <models.Item object at 0x000002ACF53CA240>, <models.Item object at 0x000002ACF53CBF50>, <models.Item object at 0x000002ACF53CB1A0>, <models.Item object at 0x000002ACF53CA780>, <models.Item object at 0x000002ACF53CBCB0>, <models.Item object at 0x000002ACF53CA4B0>, <models.Item object at 0x000002ACF53CBB30>, <models.Item object at 0x000002ACF53CBEF0>, <models.Item object at 0x000002ACF53C89E0>, <models.Item object at 0x000002ACF53CA510>, <models.Item object at 0x000002ACF53C9EE0>, <models.Item object at 0x000002ACF53C9AC0>, <models.Item object at 0x000002ACF53CBF20>, <models.Item object at 0x000002ACF53C8050>, <models.Item object at 0x000002ACF53CABD0>, <models.Item object at 0x000002ACF53CA480>, <models.Item object at 0x000002ACF53C88C0>, <models.Item object at 0x000002ACF53C8EC0>, <models.Item object at 0x000002ACF53C8A10>, <models.Item object at 0x000002ACF53C8FB0>, <models.Item object at 0x000002ACF53C9880>, <models.Item object at 0x000002ACF53CB5F0>, <models.Item object at 0x000002ACF53C9D60>, <models.Item object at 0x000002ACF53C9F40>, <models.Item object at 0x000002ACF53C8F20>, <models.Item object at 0x000002ACF53C8710>, <models.Item object at 0x000002ACF53CB470>, <models.Item object at 0x000002ACF53CB3B0>, <models.Item object at 0x000002ACF53C8440>, <models.Item object at 0x000002ACF53CBFB0>, <models.Item object at 0x000002ACF53C9400>, <models.Item object at 0x000002ACF53CBE90>, <models.Item object at 0x000002ACF53C8170>, <models.Item object at 0x000002ACF53C8C80>, <models.Item object at 0x000002ACF53CA060>, <models.Item object at 0x000002ACF53CAE10>, <models.Item object at 0x000002ACF53CBE00>, <models.Item object at 0x000002ACF53C8EF0>, <models.Item object at 0x000002ACF53C8AA0>, <models.Item object at 0x000002ACF53D5760>, <models.Item object at 0x000002ACF53D5070>, <models.Item object at 0x000002ACF53D5BB0>, <models.Item object at 0x000002ACF53D4050>, <models.Item object at 0x000002ACF53D40B0>, <models.Item object at 0x000002ACF53D4080>, <models.Item object at 0x000002ACF53D4950>, <models.Item object at 0x000002ACF53D43E0>, <models.Item object at 0x000002ACF53D5940>, <models.Item object at 0x000002ACF53D5100>, <models.Item object at 0x000002ACF53D4410>, <models.Item object at 0x000002ACF53D5520>, <models.Item object at 0x000002ACF53D4170>, <models.Item object at 0x000002ACF53D58B0>, <models.Item object at 0x000002ACF53D79B0>, <models.Item object at 0x000002ACF53D6D20>, <models.Item object at 0x000002ACF53D6840>, <models.Item object at 0x000002ACF53D5D00>, <models.Item object at 0x000002ACF53D5B20>, <models.Item object at 0x000002ACF53D5AC0>, <models.Item object at 0x000002ACF53D65D0>, <models.Item object at 0x000002ACF53D5580>, <models.Item object at 0x000002ACF53D72C0>, <models.Item object at 0x000002ACF53D59D0>, <models.Item object at 0x000002ACF53D5C10>, <models.Item object at 0x000002ACF53D4FE0>, <models.Item object at 0x000002ACF53D4C20>, <models.Item object at 0x000002ACF53D5C70>, <models.Item object at 0x000002ACF53D5970>, <models.Item object at 0x000002ACF53D7F80>, <models.Item object at 0x000002ACF53D52E0>, <models.Item object at 0x000002ACF53D5850>, <models.Item object at 0x000002ACF53D72F0>, <models.Item object at 0x000002ACF53D6CF0>, <models.Item object at 0x000002ACF53D5A60>, <models.Item object at 0x000002ACF53D7B00>, <models.Item object at 0x000002ACF53D6360>, <models.Item object at 0x000002ACF53D5AF0>, <models.Item object at 0x000002ACF53D7350>, <models.Item object at 0x000002ACF53D62A0>, <models.Item object at 0x000002ACF53D5C40>, <models.Item object at 0x000002ACF53D6BA0>, <models.Item object at 0x000002ACF53D7A40>, <models.Item object at 0x000002ACF53D60F0>, <models.Item object at 0x000002ACF53D75C0>]
INFO:root:GET: [<models.Item object at 0x000002ACF50D41A0>, <models.Item object at 0x000002ACF50D43E0>, <models.Item object at 0x000002ACF53B3BC0>, <models.Item object at 0x000002ACF53B1E80>, <models.Item object at 0x000002ACF53B36B0>, <models.Item object at 0x000002ACF53B3BF0>, <models.Item object at 0x000002ACF53B3D40>, <models.Item object at 0x000002ACF53B2630>, <models.Item object at 0x000002ACF53B2E70>, <models.Item object at 0x000002ACF53B0AA0>, <models.Item object at 0x000002ACF53B1670>, <models.Item object at 0x000002ACF53B3A70>, <models.Item object at 0x000002ACF53B3530>, <models.Item object at 0x000002ACF53B11F0>, <models.Item object at 0x000002ACF53B2300>, <models.Item object at 0x000002ACF53B0BF0>, <models.Item object at 0x000002ACF53B3F80>, <models.Item object at 0x000002ACF53B3980>, <models.Item object at 0x000002ACF53B0140>, <models.Item object at 0x000002ACF53B1CD0>, <models.Item object at 0x000002ACF53B12E0>, <models.Item object at 0x000002ACF53B0650>, <models.Item object at 0x000002ACF53B17C0>, <models.Item object at 0x000002ACF53B0200>, <models.Item object at 0x000002ACF53D6DB0>, <models.Item object at 0x000002ACF53D6720>, <models.Item object at 0x000002ACF53D7B90>, <models.Item object at 0x000002ACF53D5880>, <models.Item object at 0x000002ACF53D6F30>, <models.Item object at 0x000002ACF53D61E0>, <models.Item object at 0x000002ACF53D7A70>, <models.Item object at 0x000002ACF53D70E0>, <models.Item object at 0x000002ACF53D4230>, <models.Item object at 0x000002ACF53D7DD0>, <models.Item object at 0x000002ACF53D7E00>, <models.Item object at 0x000002ACF53D69C0>, <models.Item object at 0x000002ACF53D73B0>, <models.Item object at 0x000002ACF53D7110>, <models.Item object at 0x000002ACF53D64E0>, <models.Item object at 0x000002ACF53D7200>, <models.Item object at 0x000002ACF53D7A10>, <models.Item object at 0x000002ACF53D6870>, <models.Item object at 0x000002ACF53D4470>, <models.Item object at 0x000002ACF53D51C0>, <models.Item object at 0x000002ACF53D41A0>, <models.Item object at 0x000002ACF53D5220>, <models.Item object at 0x000002ACF53D5F40>, <models.Item object at 0x000002ACF53D5CA0>, <models.Item object at 0x000002ACF53D4530>, <models.Item object at 0x000002ACF53D7740>, <models.Item object at 0x000002ACF53D5550>, <models.Item object at 0x000002ACF53D6FC0>, <models.Item object at 0x000002ACF53D4C80>, <models.Item object at 0x000002ACF53D5E20>, <models.Item object at 0x000002ACF53D7140>, <models.Item object at 0x000002ACF53D6300>, <models.Item object at 0x000002ACF53D6270>, <models.Item object at 0x000002ACF53D6570>, <models.Item object at 0x000002ACF53D6780>, <models.Item object at 0x000002ACF53D76E0>, <models.Item object at 0x000002ACF53D74D0>, <models.Item object at 0x000002ACF53D70B0>, <models.Item object at 0x000002ACF53D7CB0>, <models.Item object at 0x000002ACF53D71D0>, <models.Item object at 0x000002ACF53D4B60>, <models.Item object at 0x000002ACF53D7B30>, <models.Item object at 0x000002ACF53D6480>, <models.Item object at 0x000002ACF53D5730>, <models.Item object at 0x000002ACF53D7950>, <models.Item object at 0x000002ACF53D4C50>, <models.Item object at 0x000002ACF53D49B0>, <models.Item object at 0x000002ACF53D4380>, <models.Item object at 0x000002ACF53D6D80>, <models.Item object at 0x000002ACF53D4F50>, <models.Item object at 0x000002ACF53D5CD0>, <models.Item object at 0x000002ACF53D50D0>, <models.Item object at 0x000002ACF53D4D40>, <models.Item object at 0x000002ACF53D4BC0>, <models.Item object at 0x000002ACF53D4E30>, <models.Item object at 0x000002ACF53D4200>, <models.Item object at 0x000002ACF53D4140>, <models.Item object at 0x000002ACF53D4A40>, <models.Item object at 0x000002ACF53D55E0>, <models.Item object at 0x000002ACF53D4500>, <models.Item object at 0x000002ACF53D4560>, <models.Item object at 0x000002ACF53D4680>, <models.Item object at 0x000002ACF53D4F80>, <models.Item object at 0x000002ACF53D4E60>, <models.Item object at 0x000002ACF53D44A0>, <models.Item object at 0x000002ACF53D4350>, <models.Item object at 0x000002ACF53D4980>, <models.Item object at 0x000002ACF53D4920>, <models.Item object at 0x000002ACF53D45C0>, <models.Item object at 0x000002ACF53D4590>, <models.Item object at 0x000002ACF53D4B00>, <models.Item object at 0x000002ACF53D4260>, <models.Item object at 0x000002ACF53D48F0>, <models.Item object at 0x000002ACF53D6E70>, <models.Item object at 0x000002ACF53D5160>, <models.Item object at 0x000002ACF53D6C30>]
INFO:root:GET: [<models.Item object at 0x00000163A9E1EF60>, <models.Item object at 0x00000163A9787890>, <models.Item object at 0x00000163A9E1EF90>, <models.Item object at 0x00000163A9E1EFC0>, <models.Item object at 0x00000163A9E1EFF0>, <models.Item object at 0x00000163A9E1F020>, <models.Item object at 0x00000163A9E1F050>, <models.Item object at 0x00000163A9E1F080>, <models.Item object at 0x00000163A9E1F0B0>, <models.Item object at 0x00000163A9E1F110>, <models.Item object at 0x00000163A9E1F170>, <models.Item object at 0x00000163A9E1F1D0>, <models.Item object at 0x00000163A9E1F230>, <models.Item object at 0x00000163A9E1F290>, <models.Item object at 0x00000163A9E1F2F0>, <models.Item object at 0x00000163A9E1F350>, <models.Item object at 0x00000163A9E1F3B0>, <models.Item object at 0x00000163A9E1F410>, <models.Item object at 0x00000163A9E1F470>, <models.Item object at 0x00000163A9E1F4D0>, <models.Item object at 0x00000163A9E1F530>, <models.Item object at 0x00000163A9E1F5C0>, <models.Item object at 0x00000163A9E1F620>, <models.Item object at 0x00000163A9E1F680>, <models.Item object at 0x00000163A9E1F6E0>, <models.Item object at 0x00000163A9E1F770>, <models.Item object at 0x00000163A9E1F800>, <models.Item object at 0x00000163A9E1F890>, <models.Item object at 0x00000163A9E1F920>, <models.Item object at 0x00000163A9E1F9B0>, <models.Item object at 0x00000163A9E1FA40>, <models.Item object at 0x00000163A9E1FAD0>, <models.Item object at 0x00000163A9E1FB60>, <models.Item object at 0x00000163A9E1FBF0>, <models.Item object at 0x00000163A9E1FC80>, <models.Item object at 0x00000163A9E1FD10>, <models.Item object at 0x00000163A9E1FDA0>, <models.Item object at 0x00000163A9E1FE30>, <models.Item object at 0x00000163A9E1FEC0>, <models.Item object at 0x00000163A9E1FF50>, <models.Item object at 0x00000163A9E1FFE0>, <models.Item object at 0x00000163A9E680B0>, <models.Item object at 0x00000163A9E68140>, <models.Item object at 0x00000163A9E681D0>, <models.Item object at 0x00000163A9E68260>, <models.Item object at 0x00000163A9E682F0>, <models.Item object at 0x00000163A9E68380>, <models.Item object at 0x00000163A9E68410>, <models.Item object at 0x00000163A9E684A0>, <models.Item object at 0x00000163A9E68530>, <models.Item object at 0x00000163A9E685C0>, <models.Item object at 0x00000163A9E68650>, <models.Item object at 0x00000163A9E686E0>, <models.Item object at 0x00000163A9E68770>, <models.Item object at 0x00000163A9E68800>, <models.Item object at 0x00000163A9E68890>, <models.Item object at 0x00000163A9E68920>, <models.Item object at 0x00000163A9E689B0>, <models.Item object at 0x00000163A9E68A40>, <models.Item object at 0x00000163A9E68AD0>, <models.Item object at 0x00000163A9E68B60>, <models.Item object at 0x00000163A9E68BF0>, <models.Item object at 0x00000163A9E68C80>, <models.Item object at 0x00000163A9E68D10>, <models.Item object at 0x00000163A9E68DA0>, <models.Item object at 0x00000163A9E68E30>, <models.Item object at 0x00000163A9E68EC0>, <models.Item object at 0x00000163A9E68F50>, <models.Item object at 0x00000163A9E68FE0>, <models.Item object at 0x00000163A9E69070>, <models.Item object at 0x00000163A9E69100>, <models.Item object at 0x00000163A9E69190>, <models.Item object at 0x00000163A9E69220>, <models.Item object at 0x00000163A9E692B0>, <models.Item object at 0x00000163A9E69340>, <models.Item object at 0x00000163A9E693D0>, <models.Item object at 0x00000163A9E69460>, <models.Item object at 0x00000163A9E694F0>, <models.Item object at 0x00000163A9E69580>, <models.Item object at 0x00000163A9E69610>, <models.Item object at 0x00000163A9E696A0>, <models.Item object at 0x00000163A9E69730>, <models.Item object at 0x00000163A9E697C0>, <models.Item object at 0x00000163A9E69850>, <models.Item object at 0x00000163A9E698E0>, <models.Item object at 0x00000163A9E69970>, <models.Item object at 0x00000163A9E69A00>, <models.Item object at 0x00000163A9E69A90>, <models.Item object at 0x00000163A9E69B20>, <models.Item object at 0x00000163A9E69BB0>, <models.Item object at 0x00000163A9E69C40>, <models.Item object at 0x00000163A9E69CD0>, <models.Item object at 0x00000163A9E69D60>, <models.Item object at 0x00000163A9E69DF0>, <models.Item object at 0x00000163A9E69E80>, <models.Item object at 0x00000163A9E69F10>, <models.Item object at 0x00000163A9E69FA0>, <models.Item object at 0x00000163A9E6A030>, <models.Item object at 0x00000163A9E6A0C0>, <models.Item object at 0x00000163A9E6A150>]
INFO:root:GET: [<models.Item object at 0x00000163A9E1FB60>, <models.Item object at 0x00000163A9E1FBF0>, <models.Item object at 0x00000163A9E1FC80>, <models.Item object at 0x00000163A9E1FD10>, <models.Item object at 0x00000163A9E1FDA0>, <models.Item object at 0x00000163A9E1FE30>, <models.Item object at 0x00000163A9E1FEC0>, <models.Item object at 0x00000163A9E1FF50>, <models.Item object at 0x00000163A9E1FFE0>, <models.Item object at 0x00000163A9E1E8D0>, <models.Item object at 0x00000163A9E1E750>, <models.Item object at 0x00000163A9E1EA20>, <models.Item object at 0x00000163A9E1EA80>, <models.Item object at 0x00000163A9E1EAE0>, <models.Item object at 0x00000163A9E1EB40>, <models.Item object at 0x00000163A9E1E960>, <models.Item object at 0x00000163A9E1EBD0>, <models.Item object at 0x00000163A9E1EC30>, <models.Item object at 0x00000163A9E1EC90>, <models.Item object at 0x00000163A9E1ECF0>, <models.Item object at 0x00000163A9E1E9F0>, <models.Item object at 0x00000163A9E1ED80>, <models.Item object at 0x00000163A9E1EDE0>, <models.Item object at 0x00000163A9E1E900>, <models.Item object at 0x00000163A9E68050>, <models.Item object at 0x00000163A9E680E0>, <models.Item object at 0x00000163A9E68170>, <models.Item object at 0x00000163A9E68200>, <models.Item object at 0x00000163A9E68290>, <models.Item object at 0x00000163A9E68320>, <models.Item object at 0x00000163A9E683B0>, <models.Item object at 0x00000163A9E68440>, <models.Item object at 0x00000163A9E684D0>, <models.Item object at 0x00000163A9E68560>, <models.Item object at 0x00000163A9E685F0>, <models.Item object at 0x00000163A9E68680>, <models.Item object at 0x00000163A9E68710>, <models.Item object at 0x00000163A9E687A0>, <models.Item object at 0x00000163A9E68830>, <models.Item object at 0x00000163A9E688C0>, <models.Item object at 0x00000163A9E68950>, <models.Item object at 0x00000163A9E689E0>, <models.Item object at 0x00000163A9E68A70>, <models.Item object at 0x00000163A9E68B00>, <models.Item object at 0x00000163A9E68B90>, <models.Item object at 0x00000163A9E68C20>, <models.Item object at 0x00000163A9E68CB0>, <models.Item object at 0x00000163A9E68D40>, <models.Item object at 0x00000163A9E68DD0>, <models.Item object at 0x00000163A9E68E60>, <models.Item object at 0x00000163A9E68EF0>, <models.Item object at 0x00000163A9E68F80>, <models.Item object at 0x00000163A9E69010>, <models.Item object at 0x00000163A9E690A0>, <models.Item object at 0x00000163A9E69130>, <models.Item object at 0x00000163A9E691C0>, <models.Item object at 0x00000163A9E69250>, <models.Item object at 0x00000163A9E692E0>, <models.Item object at 0x00000163A9E69370>, <models.Item object at 0x00000163A9E69400>, <models.Item object at 0x00000163A9E69490>, <models.Item object at 0x00000163A9E69520>, <models.Item object at 0x00000163A9E695B0>, <models.Item object at 0x00000163A9E69640>, <models.Item object at 0x00000163A9E696D0>, <models.Item object at 0x00000163A9E69760>, <models.Item object at 0x00000163A9E697F0>, <models.Item object at 0x00000163A9E69880>, <models.Item object at 0x00000163A9E69910>, <models.Item object at 0x00000163A9E699A0>, <models.Item object at 0x00000163A9E69A30>, <models.Item object at 0x00000163A9E69AC0>, <models.Item object at 0x00000163A9E69B50>, <models.Item object at 0x00000163A9E69BE0>, <models.Item object at 0x00000163A9E69C70>, <models.Item object at 0x00000163A9E69D00>, <models.Item object at 0x00000163A9E69D90>, <models.Item object at 0x00000163A9E69E20>, <models.Item object at 0x00000163A9E69EB0>, <models.Item object at 0x00000163A9E69F40>, <models.Item object at 0x00000163A9E69FD0>, <models.Item object at 0x00000163A9E6A060>, <models.Item object at 0x00000163A9E6A0F0>, <models.Item object at 0x00000163A9E6A180>, <models.Item object at 0x00000163A9E6A1E0>, <models.Item object at 0x00000163A9E6A240>, <models.Item object at 0x00000163A9E6A2A0>, <models.Item object at 0x00000163A9E6A300>, <models.Item object at 0x00000163A9E6A360>, <models.Item object at 0x00000163A9E6A3C0>, <models.Item object at 0x00000163A9E6A420>, <models.Item object at 0x00000163A9E6A480>, <models.Item object at 0x00000163A9E6A4E0>, <models.Item object at 0x00000163A9E6A540>, <models.Item object at 0x00000163A9E6A5A0>, <models.Item object at 0x00000163A9E6A600>, <models.Item object at 0x00000163A9E6A660>, <models.Item object at 0x00000163A9E6A6C0>, <models.Item object at 0x00000163A9E6A750>, <models.Item object at 0x00000163A9E6A7E0>]
